seed,true_reward,final_reward
0,-0.07142857142857142,[0 0 0 1]
1,-0.07142857142857142,[0 0 0 1]
2,-0.07142857142857142,[0 0 0 1]
3,-0.07142857142857142,[0 0 0 1]
4,-0.07142857142857142,[0 0 0 1]
