seed,true_reward,final_reward
0,0.4722222222222222,"[-0.49870297 -0.07450607 -1.6705367  -0.7564193  -0.5833154  -0.59633732
 -0.31369534  0.24163528  0.87236583]"
1,0.4722222222222222,"[-0.49870302 -0.0745063  -1.67053733 -0.75642125 -0.58331595 -0.59633824
 -0.31369683  0.24163469  0.87236608]"
2,0.4722222222222222,"[-0.498703   -0.07450622 -1.67053695 -0.75642057 -0.58331813 -0.59633671
 -0.31369658  0.24163416  0.87236553]"
3,0.4722222222222222,"[-0.49870298 -0.07450623 -1.67053772 -0.75642205 -0.58331736 -0.59633707
 -0.31369763  0.24163474  0.87236601]"
4,0.4722222222222222,"[-0.49870298 -0.07450611 -1.67053718 -0.75642133 -0.5833172  -0.5963378
 -0.31369715  0.24163591  0.87236594]"
