N/A,true_reward,final_reward
N/A,"[1.0, 0.9990422562161264, 0.9711788418856606, 0.926928837939352, 0.737848612737215, 0.7603815832899538]","[array([-0.28809076, -0.10481581,  0.9443116 ,  0.6061509 ]), array([-0.28809076, -0.10481581,  0.9443116 ,  0.6061509 ]), array([-0.28809076, -0.10481581,  0.9443116 ,  0.6061509 ]), array([-0.28809076, -0.10481581,  0.9443116 ,  0.6061509 ]), array([-0.28809076, -0.10481581,  0.9443116 ,  0.6061509 ]), array([-0.28809076, -0.10481581,  0.9443116 ,  0.6061509 ])]"
