N/A,true_reward,final_reward
N/A,"[0.8275862068965517, 0.8275116578188675, 0.7899486055874104, 0.7200528211485887, 0.9848675989584034, 0.9951271216649288]","[array([-0.16468872, -0.0998065 , -0.12229307,  0.06863747,  0.12240641,
       -0.06800407,  0.31540609,  0.97550848]), array([-0.16468872, -0.0998065 , -0.12229307,  0.06863747,  0.12240641,
       -0.06800407,  0.31540609,  0.97550848]), array([-0.16468872, -0.0998065 , -0.12229307,  0.06863747,  0.12240641,
       -0.06800407,  0.31540609,  0.97550848]), array([-0.16468872, -0.0998065 , -0.12229307,  0.06863747,  0.12240641,
       -0.06800407,  0.31540609,  0.97550848]), array([-0.16468872, -0.0998065 , -0.12229307,  0.06863747,  0.12240641,
       -0.06800407,  0.31540609,  0.97550848]), array([-0.16468872, -0.0998065 , -0.12229307,  0.06863747,  0.12240641,
       -0.06800407,  0.31540609,  0.97550848])]"
