N/A,true_reward,final_reward
N/A,"[0.8275862068965517, 0.8267974548111193, 0.7620178710194258, 0.6175148607571861, 0.9739902863883679, 0.9910225933746408]","[array([-0.05776468,  0.07115553,  0.16399224,  0.05475115, -0.07618251,
       -0.14181414,  0.52577427,  0.91057228]), array([-0.05776468,  0.07115553,  0.16399224,  0.05475115, -0.07618251,
       -0.14181414,  0.52577427,  0.91057228]), array([-0.05776468,  0.07115553,  0.16399224,  0.05475115, -0.07618251,
       -0.14181414,  0.52577427,  0.91057228]), array([-0.05776468,  0.07115553,  0.16399224,  0.05475115, -0.07618251,
       -0.14181414,  0.52577427,  0.91057228]), array([-0.05776468,  0.07115553,  0.16399224,  0.05475115, -0.07618251,
       -0.14181414,  0.52577427,  0.91057228]), array([-0.05776468,  0.07115553,  0.16399224,  0.05475115, -0.07618251,
       -0.14181414,  0.52577427,  0.91057228])]"
