N/A,true_reward,final_reward
N/A,"[1.0, 0.9999765120131405, 0.9643591665625264, 0.8709079278039259, 0.608790166872709, 0.6782469743938901]","[array([-0.05262441, -0.0540247 ,  0.9866982 ,  0.24313916]), array([-0.05262441, -0.0540247 ,  0.9866982 ,  0.24313916]), array([-0.05262441, -0.0540247 ,  0.9866982 ,  0.24313916]), array([-0.05262441, -0.0540247 ,  0.9866982 ,  0.24313916]), array([-0.05262441, -0.0540247 ,  0.9866982 ,  0.24313916]), array([-0.05262441, -0.0540247 ,  0.9866982 ,  0.24313916])]"
