N/A,true_reward,final_reward
N/A,"[0.6861491181238757, 0.686871372801525, 0.7127583358818456, 0.7632531048468503, 0.9863167762855302, 0.9961727891370974]","[array([ 3.84791577e-02,  7.96398486e-03, -6.36159608e-02, -5.08739814e-02,
       -6.64627471e-03, -5.09293999e-04,  1.72624505e-04, -1.23118190e-01,
        2.40175940e-01,  7.46029128e-05,  2.61717223e-05, -5.09695123e-02,
       -6.80482487e-03, -3.06590560e-04]), array([ 3.84791577e-02,  7.96398486e-03, -6.36159608e-02, -5.08739814e-02,
       -6.64627471e-03, -5.09293999e-04,  1.72624505e-04, -1.23118190e-01,
        2.40175940e-01,  7.46029128e-05,  2.61717223e-05, -5.09695123e-02,
       -6.80482487e-03, -3.06590560e-04]), array([ 3.84791577e-02,  7.96398486e-03, -6.36159608e-02, -5.08739814e-02,
       -6.64627471e-03, -5.09293999e-04,  1.72624505e-04, -1.23118190e-01,
        2.40175940e-01,  7.46029128e-05,  2.61717223e-05, -5.09695123e-02,
       -6.80482487e-03, -3.06590560e-04]), array([ 3.84791577e-02,  7.96398486e-03, -6.36159608e-02, -5.08739814e-02,
       -6.64627471e-03, -5.09293999e-04,  1.72624505e-04, -1.23118190e-01,
        2.40175940e-01,  7.46029128e-05,  2.61717223e-05, -5.09695123e-02,
       -6.80482487e-03, -3.06590560e-04]), array([ 3.84791577e-02,  7.96398486e-03, -6.36159608e-02, -5.08739814e-02,
       -6.64627471e-03, -5.09293999e-04,  1.72624505e-04, -1.23118190e-01,
        2.40175940e-01,  7.46029128e-05,  2.61717223e-05, -5.09695123e-02,
       -6.80482487e-03, -3.06590560e-04]), array([ 3.84791577e-02,  7.96398486e-03, -6.36159608e-02, -5.08739814e-02,
       -6.64627471e-03, -5.09293999e-04,  1.72624505e-04, -1.23118190e-01,
        2.40175940e-01,  7.46029128e-05,  2.61717223e-05, -5.09695123e-02,
       -6.80482487e-03, -3.06590560e-04])]"
