N/A,true_reward,final_reward
N/A,"[1.0, 0.7802503904040612, 0.7058538787596377, 0.6744323604908612, 0.5314741621815091, 0.5937131215221263]","[array([-1.70012993e-02, -2.85186983e-02, -1.20889864e-02,  4.07154822e-04,
        3.39322392e-04, -2.24340295e-03,  2.23846281e-03,  2.46844468e-01,
        9.99132220e-01]), array([-1.70012993e-02, -2.85186983e-02, -1.20889864e-02,  4.07154822e-04,
        3.39322392e-04, -2.24340295e-03,  2.23846281e-03,  2.46844468e-01,
        9.99132220e-01]), array([-1.70012993e-02, -2.85186983e-02, -1.20889864e-02,  4.07154822e-04,
        3.39322392e-04, -2.24340295e-03,  2.23846281e-03,  2.46844468e-01,
        9.99132220e-01]), array([-1.70012993e-02, -2.85186983e-02, -1.20889864e-02,  4.07154822e-04,
        3.39322392e-04, -2.24340295e-03,  2.23846281e-03,  2.46844468e-01,
        9.99132220e-01]), array([-1.70012993e-02, -2.85186983e-02, -1.20889864e-02,  4.07154822e-04,
        3.39322392e-04, -2.24340295e-03,  2.23846281e-03,  2.46844468e-01,
        9.99132220e-01]), array([-1.70012993e-02, -2.85186983e-02, -1.20889864e-02,  4.07154822e-04,
        3.39322392e-04, -2.24340295e-03,  2.23846281e-03,  2.46844468e-01,
        9.99132220e-01])]"
