N/A,true_reward,final_reward
N/A,"[1.0, 0.9995251033839285, 0.9620976337988959, 0.8409810316656758, 0.6053882498970683, 0.6396452682052497]","[array([-0.0381397 , -0.04413703, -0.08706582, -0.03806092, -0.00413504,
        0.01869376,  0.02424374,  0.35932284,  0.98157791]), array([-0.0381397 , -0.04413703, -0.08706582, -0.03806092, -0.00413504,
        0.01869376,  0.02424374,  0.35932284,  0.98157791]), array([-0.0381397 , -0.04413703, -0.08706582, -0.03806092, -0.00413504,
        0.01869376,  0.02424374,  0.35932284,  0.98157791]), array([-0.0381397 , -0.04413703, -0.08706582, -0.03806092, -0.00413504,
        0.01869376,  0.02424374,  0.35932284,  0.98157791]), array([-0.0381397 , -0.04413703, -0.08706582, -0.03806092, -0.00413504,
        0.01869376,  0.02424374,  0.35932284,  0.98157791]), array([-0.0381397 , -0.04413703, -0.08706582, -0.03806092, -0.00413504,
        0.01869376,  0.02424374,  0.35932284,  0.98157791])]"
