N/A,true_reward,final_reward
N/A,"[0.6861491181238757, 0.6868702384066062, 0.7139512517540852, 0.7653053444427007, 0.9868961536300183, 0.9964493816387904]","[array([ 0.03967535, -0.02220101, -0.07334301, -0.08443778, -0.05992449,
       -0.04648697, -0.03185645,  0.03893021,  0.4636253 , -0.04552837,
       -0.02894752, -0.07151104, -0.07008704, -0.06255519]), array([ 0.03967535, -0.02220101, -0.07334301, -0.08443778, -0.05992449,
       -0.04648697, -0.03185645,  0.03893021,  0.4636253 , -0.04552837,
       -0.02894752, -0.07151104, -0.07008704, -0.06255519]), array([ 0.03967535, -0.02220101, -0.07334301, -0.08443778, -0.05992449,
       -0.04648697, -0.03185645,  0.03893021,  0.4636253 , -0.04552837,
       -0.02894752, -0.07151104, -0.07008704, -0.06255519]), array([ 0.03967535, -0.02220101, -0.07334301, -0.08443778, -0.05992449,
       -0.04648697, -0.03185645,  0.03893021,  0.4636253 , -0.04552837,
       -0.02894752, -0.07151104, -0.07008704, -0.06255519]), array([ 0.03967535, -0.02220101, -0.07334301, -0.08443778, -0.05992449,
       -0.04648697, -0.03185645,  0.03893021,  0.4636253 , -0.04552837,
       -0.02894752, -0.07151104, -0.07008704, -0.06255519]), array([ 0.03967535, -0.02220101, -0.07334301, -0.08443778, -0.05992449,
       -0.04648697, -0.03185645,  0.03893021,  0.4636253 , -0.04552837,
       -0.02894752, -0.07151104, -0.07008704, -0.06255519])]"
