N/A,true_reward,final_reward
N/A,"[1.0, 0.9919514176459594, 0.9429583525728744, 0.813824714964638, 0.7015153266617935, 0.704396539265566]","[array([-0.13789176, -0.01921737, -0.19393322, -0.03789481, -0.00519792,
        0.01751253,  0.02632174,  0.67564904,  0.97148045]), array([-0.13789176, -0.01921737, -0.19393322, -0.03789481, -0.00519792,
        0.01751253,  0.02632174,  0.67564904,  0.97148045]), array([-0.13789176, -0.01921737, -0.19393322, -0.03789481, -0.00519792,
        0.01751253,  0.02632174,  0.67564904,  0.97148045]), array([-0.13789176, -0.01921737, -0.19393322, -0.03789481, -0.00519792,
        0.01751253,  0.02632174,  0.67564904,  0.97148045]), array([-0.13789176, -0.01921737, -0.19393322, -0.03789481, -0.00519792,
        0.01751253,  0.02632174,  0.67564904,  0.97148045]), array([-0.13789176, -0.01921737, -0.19393322, -0.03789481, -0.00519792,
        0.01751253,  0.02632174,  0.67564904,  0.97148045])]"
