N/A,true_reward,final_reward
N/A,"[1.0, 0.9989045415057455, 0.969135266167911, 0.9225129936014531, 0.7338478636494479, 0.7578925051306385]","[array([-0.282603  , -0.09139   ,  0.94277041,  0.61757064]), array([-0.282603  , -0.09139   ,  0.94277041,  0.61757064]), array([-0.282603  , -0.09139   ,  0.94277041,  0.61757064]), array([-0.282603  , -0.09139   ,  0.94277041,  0.61757064]), array([-0.282603  , -0.09139   ,  0.94277041,  0.61757064]), array([-0.282603  , -0.09139   ,  0.94277041,  0.61757064])]"
