N/A,true_reward,final_reward
N/A,"[0.9622426969812619, 0.9408068334032046, 0.7678261895865666, 0.7815458361121363, 0.9885061912809867, 0.9971325940500693]","[array([ 0.07635087, -0.27658488, -0.03786271, -0.1080929 , -0.05654968,
       -0.05549752, -0.06733548,  0.20695456,  0.35288439, -0.06213949,
       -0.08649728, -0.01568766, -0.03951542, -0.06730285]), array([ 0.07635087, -0.27658488, -0.03786271, -0.1080929 , -0.05654968,
       -0.05549752, -0.06733548,  0.20695456,  0.35288439, -0.06213949,
       -0.08649728, -0.01568766, -0.03951542, -0.06730285]), array([ 0.07635087, -0.27658488, -0.03786271, -0.1080929 , -0.05654968,
       -0.05549752, -0.06733548,  0.20695456,  0.35288439, -0.06213949,
       -0.08649728, -0.01568766, -0.03951542, -0.06730285]), array([ 0.07635087, -0.27658488, -0.03786271, -0.1080929 , -0.05654968,
       -0.05549752, -0.06733548,  0.20695456,  0.35288439, -0.06213949,
       -0.08649728, -0.01568766, -0.03951542, -0.06730285]), array([ 0.07635087, -0.27658488, -0.03786271, -0.1080929 , -0.05654968,
       -0.05549752, -0.06733548,  0.20695456,  0.35288439, -0.06213949,
       -0.08649728, -0.01568766, -0.03951542, -0.06730285]), array([ 0.07635087, -0.27658488, -0.03786271, -0.1080929 , -0.05654968,
       -0.05549752, -0.06733548,  0.20695456,  0.35288439, -0.06213949,
       -0.08649728, -0.01568766, -0.03951542, -0.06730285])]"
