N/A,true_reward,final_reward
N/A,"[0.686149118123876, 0.6884125139067954, 0.7201498455784752, 0.7694648454655804, 0.9876077285057703, 0.9967704255508713]","[array([-0.01300838, -0.2912019 , -0.07843475, -0.1144064 , -0.04032546,
       -0.01691855, -0.01371909,  0.16470807,  0.22018917, -0.0151067 ,
       -0.01824586, -0.09277984, -0.04342282, -0.02875184]), array([-0.01300838, -0.2912019 , -0.07843475, -0.1144064 , -0.04032546,
       -0.01691855, -0.01371909,  0.16470807,  0.22018917, -0.0151067 ,
       -0.01824586, -0.09277984, -0.04342282, -0.02875184]), array([-0.01300838, -0.2912019 , -0.07843475, -0.1144064 , -0.04032546,
       -0.01691855, -0.01371909,  0.16470807,  0.22018917, -0.0151067 ,
       -0.01824586, -0.09277984, -0.04342282, -0.02875184]), array([-0.01300838, -0.2912019 , -0.07843475, -0.1144064 , -0.04032546,
       -0.01691855, -0.01371909,  0.16470807,  0.22018917, -0.0151067 ,
       -0.01824586, -0.09277984, -0.04342282, -0.02875184]), array([-0.01300838, -0.2912019 , -0.07843475, -0.1144064 , -0.04032546,
       -0.01691855, -0.01371909,  0.16470807,  0.22018917, -0.0151067 ,
       -0.01824586, -0.09277984, -0.04342282, -0.02875184]), array([-0.01300838, -0.2912019 , -0.07843475, -0.1144064 , -0.04032546,
       -0.01691855, -0.01371909,  0.16470807,  0.22018917, -0.0151067 ,
       -0.01824586, -0.09277984, -0.04342282, -0.02875184])]"
