N/A,true_reward,final_reward
N/A,"[0.6861491181238757, 0.6869853457858266, 0.7129015305726608, 0.7631062313996635, 0.9862549663607045, 0.9961405769408282]","[array([ 1.82721610e-02,  3.46068332e-03, -2.11617925e-02, -2.29538278e-02,
        3.39322392e-04, -1.77564643e-04,  1.72624505e-04, -9.75359210e-02,
        1.44198331e-01,  7.46029128e-05,  2.61717223e-05, -2.30834511e-02,
        1.38275300e-04,  2.21075104e-05]), array([ 1.82721610e-02,  3.46068332e-03, -2.11617925e-02, -2.29538278e-02,
        3.39322392e-04, -1.77564643e-04,  1.72624505e-04, -9.75359210e-02,
        1.44198331e-01,  7.46029128e-05,  2.61717223e-05, -2.30834511e-02,
        1.38275300e-04,  2.21075104e-05]), array([ 1.82721610e-02,  3.46068332e-03, -2.11617925e-02, -2.29538278e-02,
        3.39322392e-04, -1.77564643e-04,  1.72624505e-04, -9.75359210e-02,
        1.44198331e-01,  7.46029128e-05,  2.61717223e-05, -2.30834511e-02,
        1.38275300e-04,  2.21075104e-05]), array([ 1.82721610e-02,  3.46068332e-03, -2.11617925e-02, -2.29538278e-02,
        3.39322392e-04, -1.77564643e-04,  1.72624505e-04, -9.75359210e-02,
        1.44198331e-01,  7.46029128e-05,  2.61717223e-05, -2.30834511e-02,
        1.38275300e-04,  2.21075104e-05]), array([ 1.82721610e-02,  3.46068332e-03, -2.11617925e-02, -2.29538278e-02,
        3.39322392e-04, -1.77564643e-04,  1.72624505e-04, -9.75359210e-02,
        1.44198331e-01,  7.46029128e-05,  2.61717223e-05, -2.30834511e-02,
        1.38275300e-04,  2.21075104e-05]), array([ 1.82721610e-02,  3.46068332e-03, -2.11617925e-02, -2.29538278e-02,
        3.39322392e-04, -1.77564643e-04,  1.72624505e-04, -9.75359210e-02,
        1.44198331e-01,  7.46029128e-05,  2.61717223e-05, -2.30834511e-02,
        1.38275300e-04,  2.21075104e-05])]"
