N/A,true_reward,final_reward
N/A,"[0.8275862068965517, 0.8275535389094735, 0.7961023443312677, 0.7354539706886132, 0.9843217795330275, 0.9947574892689224]","[array([ 5.09848925e-04, -1.71300039e-01, -1.19798739e-01,  4.33239198e-02,
        8.95471501e-02, -1.23255879e-02,  2.34733750e-01,  9.75111865e-01]), array([ 5.09848925e-04, -1.71300039e-01, -1.19798739e-01,  4.33239198e-02,
        8.95471501e-02, -1.23255879e-02,  2.34733750e-01,  9.75111865e-01]), array([ 5.09848925e-04, -1.71300039e-01, -1.19798739e-01,  4.33239198e-02,
        8.95471501e-02, -1.23255879e-02,  2.34733750e-01,  9.75111865e-01]), array([ 5.09848925e-04, -1.71300039e-01, -1.19798739e-01,  4.33239198e-02,
        8.95471501e-02, -1.23255879e-02,  2.34733750e-01,  9.75111865e-01]), array([ 5.09848925e-04, -1.71300039e-01, -1.19798739e-01,  4.33239198e-02,
        8.95471501e-02, -1.23255879e-02,  2.34733750e-01,  9.75111865e-01]), array([ 5.09848925e-04, -1.71300039e-01, -1.19798739e-01,  4.33239198e-02,
        8.95471501e-02, -1.23255879e-02,  2.34733750e-01,  9.75111865e-01])]"
