N/A,true_reward,final_reward
N/A,"[0.8275862068965517, 0.8275694283983656, 0.800942533024786, 0.7509656773990765, 0.9868028148609557, 0.9956582581796697]","[array([ 3.20516131e-04, -1.00640121e-01, -4.16241363e-02,  6.79966740e-04,
        4.18684767e-02, -1.77564643e-04,  1.79998045e-01,  9.94123783e-01]), array([ 3.20516131e-04, -1.00640121e-01, -4.16241363e-02,  6.79966740e-04,
        4.18684767e-02, -1.77564643e-04,  1.79998045e-01,  9.94123783e-01]), array([ 3.20516131e-04, -1.00640121e-01, -4.16241363e-02,  6.79966740e-04,
        4.18684767e-02, -1.77564643e-04,  1.79998045e-01,  9.94123783e-01]), array([ 3.20516131e-04, -1.00640121e-01, -4.16241363e-02,  6.79966740e-04,
        4.18684767e-02, -1.77564643e-04,  1.79998045e-01,  9.94123783e-01]), array([ 3.20516131e-04, -1.00640121e-01, -4.16241363e-02,  6.79966740e-04,
        4.18684767e-02, -1.77564643e-04,  1.79998045e-01,  9.94123783e-01]), array([ 3.20516131e-04, -1.00640121e-01, -4.16241363e-02,  6.79966740e-04,
        4.18684767e-02, -1.77564643e-04,  1.79998045e-01,  9.94123783e-01])]"
