N/A,true_reward,final_reward
N/A,"[1.0, 0.9995971818119882, 0.9776079819009993, 0.9338508190718591, 0.6998202372825614, 0.7353192811816653]","[array([-0.21873751, -0.07050967,  0.94060493,  0.51632147]), array([-0.21873751, -0.07050967,  0.94060493,  0.51632147]), array([-0.21873751, -0.07050967,  0.94060493,  0.51632147]), array([-0.21873751, -0.07050967,  0.94060493,  0.51632147]), array([-0.21873751, -0.07050967,  0.94060493,  0.51632147]), array([-0.21873751, -0.07050967,  0.94060493,  0.51632147])]"
