N/A,true_reward,final_reward
N/A,"[1.0, 0.9953164603035431, 0.9680790183931763, 0.8548629920940474, 0.6980715997595133, 0.7020289179237454]","[array([-0.11839961, -0.04488282, -0.19040045, -0.0566031 , -0.00492603,
        0.03471038,  0.02756029,  0.58956687,  0.97099828]), array([-0.11839961, -0.04488282, -0.19040045, -0.0566031 , -0.00492603,
        0.03471038,  0.02756029,  0.58956687,  0.97099828]), array([-0.11839961, -0.04488282, -0.19040045, -0.0566031 , -0.00492603,
        0.03471038,  0.02756029,  0.58956687,  0.97099828]), array([-0.11839961, -0.04488282, -0.19040045, -0.0566031 , -0.00492603,
        0.03471038,  0.02756029,  0.58956687,  0.97099828]), array([-0.11839961, -0.04488282, -0.19040045, -0.0566031 , -0.00492603,
        0.03471038,  0.02756029,  0.58956687,  0.97099828]), array([-0.11839961, -0.04488282, -0.19040045, -0.0566031 , -0.00492603,
        0.03471038,  0.02756029,  0.58956687,  0.97099828])]"
