N/A,true_reward,final_reward
N/A,"[0.6861491181238757, 0.6868672916159645, 0.7127909453083233, 0.7638903316958492, 0.9865239941935716, 0.9962742817299648]","[array([ 0.05669198,  0.00965875, -0.1062084 , -0.08841832, -0.03770276,
       -0.00900495, -0.0012751 , -0.07477817,  0.35276792, -0.00267439,
       -0.0004016 , -0.08866263, -0.03856342, -0.01006591]), array([ 0.05669198,  0.00965875, -0.1062084 , -0.08841832, -0.03770276,
       -0.00900495, -0.0012751 , -0.07477817,  0.35276792, -0.00267439,
       -0.0004016 , -0.08866263, -0.03856342, -0.01006591]), array([ 0.05669198,  0.00965875, -0.1062084 , -0.08841832, -0.03770276,
       -0.00900495, -0.0012751 , -0.07477817,  0.35276792, -0.00267439,
       -0.0004016 , -0.08866263, -0.03856342, -0.01006591]), array([ 0.05669198,  0.00965875, -0.1062084 , -0.08841832, -0.03770276,
       -0.00900495, -0.0012751 , -0.07477817,  0.35276792, -0.00267439,
       -0.0004016 , -0.08866263, -0.03856342, -0.01006591]), array([ 0.05669198,  0.00965875, -0.1062084 , -0.08841832, -0.03770276,
       -0.00900495, -0.0012751 , -0.07477817,  0.35276792, -0.00267439,
       -0.0004016 , -0.08866263, -0.03856342, -0.01006591]), array([ 0.05669198,  0.00965875, -0.1062084 , -0.08841832, -0.03770276,
       -0.00900495, -0.0012751 , -0.07477817,  0.35276792, -0.00267439,
       -0.0004016 , -0.08866263, -0.03856342, -0.01006591])]"
