N/A,true_reward,final_reward
N/A,"[0.4722222222222222, 0.5645200435322782, 0.627569666679344, 0.6341062052962738, 0.5089281110605052, 0.579660721505738]","[array([ 3.20516131e-04,  7.27058018e-05,  1.77829934e-04,  4.07154822e-04,
        3.39322392e-04, -1.77564643e-04,  1.72624505e-04, -2.75005597e-05,
        9.99981246e-01]), array([ 3.20516131e-04,  7.27058018e-05,  1.77829934e-04,  4.07154822e-04,
        3.39322392e-04, -1.77564643e-04,  1.72624505e-04, -2.75005597e-05,
        9.99981246e-01]), array([ 3.20516131e-04,  7.27058018e-05,  1.77829934e-04,  4.07154822e-04,
        3.39322392e-04, -1.77564643e-04,  1.72624505e-04, -2.75005597e-05,
        9.99981246e-01]), array([ 3.20516131e-04,  7.27058018e-05,  1.77829934e-04,  4.07154822e-04,
        3.39322392e-04, -1.77564643e-04,  1.72624505e-04, -2.75005597e-05,
        9.99981246e-01]), array([ 3.20516131e-04,  7.27058018e-05,  1.77829934e-04,  4.07154822e-04,
        3.39322392e-04, -1.77564643e-04,  1.72624505e-04, -2.75005597e-05,
        9.99981246e-01]), array([ 3.20516131e-04,  7.27058018e-05,  1.77829934e-04,  4.07154822e-04,
        3.39322392e-04, -1.77564643e-04,  1.72624505e-04, -2.75005597e-05,
        9.99981246e-01])]"
