N/A,true_reward,final_reward
N/A,"[1.0, 0.9233662120132777, 0.7635187639710178, 0.6102690431657009, 0.9762665200406234, 0.99207427792723]","[array([-0.19038044, -0.06778702,  0.18517939, -0.01072047, -0.0544326 ,
       -0.11927958,  0.58586648,  0.92245526]), array([-0.19038044, -0.06778702,  0.18517939, -0.01072047, -0.0544326 ,
       -0.11927958,  0.58586648,  0.92245526]), array([-0.19038044, -0.06778702,  0.18517939, -0.01072047, -0.0544326 ,
       -0.11927958,  0.58586648,  0.92245526]), array([-0.19038044, -0.06778702,  0.18517939, -0.01072047, -0.0544326 ,
       -0.11927958,  0.58586648,  0.92245526]), array([-0.19038044, -0.06778702,  0.18517939, -0.01072047, -0.0544326 ,
       -0.11927958,  0.58586648,  0.92245526]), array([-0.19038044, -0.06778702,  0.18517939, -0.01072047, -0.0544326 ,
       -0.11927958,  0.58586648,  0.92245526])]"
