N/A,true_reward,final_reward
N/A,"[0.8894257810922873, 0.7430921552383212, 0.7299987385670023, 0.77330801644755, 0.9880516812075303, 0.9969560736702384]","[array([ 0.02706584, -0.29556009, -0.06691531, -0.1062697 , -0.04514963,
       -0.03502381, -0.04568404,  0.20533958,  0.27254469, -0.03843496,
       -0.06287202, -0.06031981, -0.03798796, -0.04492166]), array([ 0.02706584, -0.29556009, -0.06691531, -0.1062697 , -0.04514963,
       -0.03502381, -0.04568404,  0.20533958,  0.27254469, -0.03843496,
       -0.06287202, -0.06031981, -0.03798796, -0.04492166]), array([ 0.02706584, -0.29556009, -0.06691531, -0.1062697 , -0.04514963,
       -0.03502381, -0.04568404,  0.20533958,  0.27254469, -0.03843496,
       -0.06287202, -0.06031981, -0.03798796, -0.04492166]), array([ 0.02706584, -0.29556009, -0.06691531, -0.1062697 , -0.04514963,
       -0.03502381, -0.04568404,  0.20533958,  0.27254469, -0.03843496,
       -0.06287202, -0.06031981, -0.03798796, -0.04492166]), array([ 0.02706584, -0.29556009, -0.06691531, -0.1062697 , -0.04514963,
       -0.03502381, -0.04568404,  0.20533958,  0.27254469, -0.03843496,
       -0.06287202, -0.06031981, -0.03798796, -0.04492166]), array([ 0.02706584, -0.29556009, -0.06691531, -0.1062697 , -0.04514963,
       -0.03502381, -0.04568404,  0.20533958,  0.27254469, -0.03843496,
       -0.06287202, -0.06031981, -0.03798796, -0.04492166])]"
