N/A,true_reward,final_reward
N/A,"[0.4864864864864865, 0.8217708615691374, 0.8279612186735221, 0.7764169953604599, 0.5802736245542316, 0.660579252385165]","[array([3.20516131e-04, 7.27058018e-05, 1.00017783e+00, 4.07154822e-04]), array([3.20516131e-04, 7.27058018e-05, 1.00017783e+00, 4.07154822e-04]), array([3.20516131e-04, 7.27058018e-05, 1.00017783e+00, 4.07154822e-04]), array([3.20516131e-04, 7.27058018e-05, 1.00017783e+00, 4.07154822e-04]), array([3.20516131e-04, 7.27058018e-05, 1.00017783e+00, 4.07154822e-04]), array([3.20516131e-04, 7.27058018e-05, 1.00017783e+00, 4.07154822e-04])]"
