N/A,true_reward,final_reward
N/A,"[1.0, 0.9971763012227941, 0.9699226203226603, 0.8548546780435555, 0.6688843301322506, 0.6817543455684255]","[array([-0.10930845, -0.03523191, -0.15426439, -0.03870365, -0.0033736 ,
        0.02496997,  0.01784882,  0.53103466,  0.96074491]), array([-0.10930845, -0.03523191, -0.15426439, -0.03870365, -0.0033736 ,
        0.02496997,  0.01784882,  0.53103466,  0.96074491]), array([-0.10930845, -0.03523191, -0.15426439, -0.03870365, -0.0033736 ,
        0.02496997,  0.01784882,  0.53103466,  0.96074491]), array([-0.10930845, -0.03523191, -0.15426439, -0.03870365, -0.0033736 ,
        0.02496997,  0.01784882,  0.53103466,  0.96074491]), array([-0.10930845, -0.03523191, -0.15426439, -0.03870365, -0.0033736 ,
        0.02496997,  0.01784882,  0.53103466,  0.96074491]), array([-0.10930845, -0.03523191, -0.15426439, -0.03870365, -0.0033736 ,
        0.02496997,  0.01784882,  0.53103466,  0.96074491])]"
