N/A,true_reward,final_reward
N/A,"[1.0, 0.7424699832684407, 0.6860118398532882, 0.6638209949625522, 0.5220934702880707, 0.5878691568865345]","[array([ 3.20516131e-04, -9.48275833e-03, -9.38013677e-03,  4.07154822e-04,
        3.39322392e-04, -1.77564643e-04,  1.72624505e-04,  1.69303334e-01,
        9.99981246e-01]), array([ 3.20516131e-04, -9.48275833e-03, -9.38013677e-03,  4.07154822e-04,
        3.39322392e-04, -1.77564643e-04,  1.72624505e-04,  1.69303334e-01,
        9.99981246e-01]), array([ 3.20516131e-04, -9.48275833e-03, -9.38013677e-03,  4.07154822e-04,
        3.39322392e-04, -1.77564643e-04,  1.72624505e-04,  1.69303334e-01,
        9.99981246e-01]), array([ 3.20516131e-04, -9.48275833e-03, -9.38013677e-03,  4.07154822e-04,
        3.39322392e-04, -1.77564643e-04,  1.72624505e-04,  1.69303334e-01,
        9.99981246e-01]), array([ 3.20516131e-04, -9.48275833e-03, -9.38013677e-03,  4.07154822e-04,
        3.39322392e-04, -1.77564643e-04,  1.72624505e-04,  1.69303334e-01,
        9.99981246e-01]), array([ 3.20516131e-04, -9.48275833e-03, -9.38013677e-03,  4.07154822e-04,
        3.39322392e-04, -1.77564643e-04,  1.72624505e-04,  1.69303334e-01,
        9.99981246e-01])]"
