N/A,true_reward,final_reward
N/A,"[0.7241379310344828, 0.778655906400474, 0.7767025392842761, 0.6881710233494671, 0.98226254299836, 0.9942450124811548]","[array([-0.22191793, -0.036504  ,  0.09464317,  0.03305506, -0.00461937,
       -0.12233213,  0.42214405,  0.95020784]), array([-0.22191793, -0.036504  ,  0.09464317,  0.03305506, -0.00461937,
       -0.12233213,  0.42214405,  0.95020784]), array([-0.22191793, -0.036504  ,  0.09464317,  0.03305506, -0.00461937,
       -0.12233213,  0.42214405,  0.95020784]), array([-0.22191793, -0.036504  ,  0.09464317,  0.03305506, -0.00461937,
       -0.12233213,  0.42214405,  0.95020784]), array([-0.22191793, -0.036504  ,  0.09464317,  0.03305506, -0.00461937,
       -0.12233213,  0.42214405,  0.95020784]), array([-0.22191793, -0.036504  ,  0.09464317,  0.03305506, -0.00461937,
       -0.12233213,  0.42214405,  0.95020784])]"
