N/A,true_reward,final_reward
N/A,"[1.0, 0.9989627983530568, 0.9701407972038124, 0.9248140574901543, 0.7373224307195806, 0.7601109475131161]","[array([-0.28786421, -0.10121214,  0.9440176 ,  0.61358071]), array([-0.28786421, -0.10121214,  0.9440176 ,  0.61358071]), array([-0.28786421, -0.10121214,  0.9440176 ,  0.61358071]), array([-0.28786421, -0.10121214,  0.9440176 ,  0.61358071]), array([-0.28786421, -0.10121214,  0.9440176 ,  0.61358071]), array([-0.28786421, -0.10121214,  0.9440176 ,  0.61358071])]"
