N/A,true_reward,final_reward
N/A,"[1.0, 0.9990359524694219, 0.9711006384010623, 0.9267679050977785, 0.7378342753455057, 0.7603781259821688]","[array([-0.28811641, -0.10462584,  0.94431407,  0.606791  ]), array([-0.28811641, -0.10462584,  0.94431407,  0.606791  ]), array([-0.28811641, -0.10462584,  0.94431407,  0.606791  ]), array([-0.28811641, -0.10462584,  0.94431407,  0.606791  ]), array([-0.28811641, -0.10462584,  0.94431407,  0.606791  ]), array([-0.28811641, -0.10462584,  0.94431407,  0.606791  ])]"
