N/A,true_reward,final_reward
N/A,"[1.0, 0.9947365129975545, 0.9657676736116172, 0.848640014467557, 0.701070586775354, 0.7041794486464483]","[array([-0.12662277, -0.04098398, -0.19283777, -0.05442938, -0.00293667,
        0.03147507,  0.02663251,  0.60789627,  0.97248469]), array([-0.12662277, -0.04098398, -0.19283777, -0.05442938, -0.00293667,
        0.03147507,  0.02663251,  0.60789627,  0.97248469]), array([-0.12662277, -0.04098398, -0.19283777, -0.05442938, -0.00293667,
        0.03147507,  0.02663251,  0.60789627,  0.97248469]), array([-0.12662277, -0.04098398, -0.19283777, -0.05442938, -0.00293667,
        0.03147507,  0.02663251,  0.60789627,  0.97248469]), array([-0.12662277, -0.04098398, -0.19283777, -0.05442938, -0.00293667,
        0.03147507,  0.02663251,  0.60789627,  0.97248469]), array([-0.12662277, -0.04098398, -0.19283777, -0.05442938, -0.00293667,
        0.03147507,  0.02663251,  0.60789627,  0.97248469])]"
