N/A,true_reward,final_reward
N/A,"[0.8275862068965517, 0.8258475681034265, 0.743380598407021, 0.5828016033525014, 0.9739232561878989, 0.9911574550439115]","[array([-0.13093889, -0.0010465 ,  0.1768204 ,  0.00248546, -0.05869358,
       -0.11986554,  0.61639236,  0.9218312 ]), array([-0.13093889, -0.0010465 ,  0.1768204 ,  0.00248546, -0.05869358,
       -0.11986554,  0.61639236,  0.9218312 ]), array([-0.13093889, -0.0010465 ,  0.1768204 ,  0.00248546, -0.05869358,
       -0.11986554,  0.61639236,  0.9218312 ]), array([-0.13093889, -0.0010465 ,  0.1768204 ,  0.00248546, -0.05869358,
       -0.11986554,  0.61639236,  0.9218312 ]), array([-0.13093889, -0.0010465 ,  0.1768204 ,  0.00248546, -0.05869358,
       -0.11986554,  0.61639236,  0.9218312 ]), array([-0.13093889, -0.0010465 ,  0.1768204 ,  0.00248546, -0.05869358,
       -0.11986554,  0.61639236,  0.9218312 ])]"
