N/A,true_reward,final_reward
N/A,"[1.0, 0.99650317595183, 0.9089837699025647, 0.8215804443439487, 0.5913988460922059, 0.6675783209508064]","[array([-0.02192368, -0.02362888,  1.00017783,  0.16442637]), array([-0.02192368, -0.02362888,  1.00017783,  0.16442637]), array([-0.02192368, -0.02362888,  1.00017783,  0.16442637]), array([-0.02192368, -0.02362888,  1.00017783,  0.16442637]), array([-0.02192368, -0.02362888,  1.00017783,  0.16442637]), array([-0.02192368, -0.02362888,  1.00017783,  0.16442637])]"
