N/A,true_reward,final_reward
N/A,"[0.9108374573663856, 0.6889035981537045, 0.7129354108680354, 0.763071096041223, 0.9862332591262364, 0.9961285815487382]","[array([ 3.20516131e-04,  7.27058018e-05,  1.77829934e-04,  4.07154822e-04,
        3.39322392e-04, -1.77564643e-04,  1.72624505e-04, -2.75005597e-05,
       -1.87541527e-05,  7.46029128e-05,  2.61717223e-05,  2.64231455e-04,
        1.38275300e-04,  2.21075104e-05]), array([ 3.20516131e-04,  7.27058018e-05,  1.77829934e-04,  4.07154822e-04,
        3.39322392e-04, -1.77564643e-04,  1.72624505e-04, -2.75005597e-05,
       -1.87541527e-05,  7.46029128e-05,  2.61717223e-05,  2.64231455e-04,
        1.38275300e-04,  2.21075104e-05]), array([ 3.20516131e-04,  7.27058018e-05,  1.77829934e-04,  4.07154822e-04,
        3.39322392e-04, -1.77564643e-04,  1.72624505e-04, -2.75005597e-05,
       -1.87541527e-05,  7.46029128e-05,  2.61717223e-05,  2.64231455e-04,
        1.38275300e-04,  2.21075104e-05]), array([ 3.20516131e-04,  7.27058018e-05,  1.77829934e-04,  4.07154822e-04,
        3.39322392e-04, -1.77564643e-04,  1.72624505e-04, -2.75005597e-05,
       -1.87541527e-05,  7.46029128e-05,  2.61717223e-05,  2.64231455e-04,
        1.38275300e-04,  2.21075104e-05]), array([ 3.20516131e-04,  7.27058018e-05,  1.77829934e-04,  4.07154822e-04,
        3.39322392e-04, -1.77564643e-04,  1.72624505e-04, -2.75005597e-05,
       -1.87541527e-05,  7.46029128e-05,  2.61717223e-05,  2.64231455e-04,
        1.38275300e-04,  2.21075104e-05]), array([ 3.20516131e-04,  7.27058018e-05,  1.77829934e-04,  4.07154822e-04,
        3.39322392e-04, -1.77564643e-04,  1.72624505e-04, -2.75005597e-05,
       -1.87541527e-05,  7.46029128e-05,  2.61717223e-05,  2.64231455e-04,
        1.38275300e-04,  2.21075104e-05])]"
