N/A,true_reward,final_reward
N/A,"[1.0, 0.9924370571114149, 0.9507353243638403, 0.823261700129725, 0.7055032952575573, 0.7073657325844623]","[array([-1.39990797e-01, -2.78781673e-02, -1.96146517e-01, -4.69208912e-02,
        8.22140510e-04,  2.46605629e-02,  2.21797249e-02,  6.64980628e-01,
        9.75282711e-01]), array([-1.39990797e-01, -2.78781673e-02, -1.96146517e-01, -4.69208912e-02,
        8.22140510e-04,  2.46605629e-02,  2.21797249e-02,  6.64980628e-01,
        9.75282711e-01]), array([-1.39990797e-01, -2.78781673e-02, -1.96146517e-01, -4.69208912e-02,
        8.22140510e-04,  2.46605629e-02,  2.21797249e-02,  6.64980628e-01,
        9.75282711e-01]), array([-1.39990797e-01, -2.78781673e-02, -1.96146517e-01, -4.69208912e-02,
        8.22140510e-04,  2.46605629e-02,  2.21797249e-02,  6.64980628e-01,
        9.75282711e-01]), array([-1.39990797e-01, -2.78781673e-02, -1.96146517e-01, -4.69208912e-02,
        8.22140510e-04,  2.46605629e-02,  2.21797249e-02,  6.64980628e-01,
        9.75282711e-01]), array([-1.39990797e-01, -2.78781673e-02, -1.96146517e-01, -4.69208912e-02,
        8.22140510e-04,  2.46605629e-02,  2.21797249e-02,  6.64980628e-01,
        9.75282711e-01])]"
