N/A,true_reward,final_reward
N/A,"[0.686149118123876, 0.687735601852127, 0.7180504232254101, 0.7683679955407705, 0.9874679853696466, 0.9967108033751217]","[array([-0.02912044, -0.28939826, -0.07949697, -0.11811188, -0.04146496,
       -0.01453993, -0.00678011,  0.15563057,  0.2109906 , -0.01063738,
       -0.00695699, -0.09725556, -0.04433777, -0.02531592]), array([-0.02912044, -0.28939826, -0.07949697, -0.11811188, -0.04146496,
       -0.01453993, -0.00678011,  0.15563057,  0.2109906 , -0.01063738,
       -0.00695699, -0.09725556, -0.04433777, -0.02531592]), array([-0.02912044, -0.28939826, -0.07949697, -0.11811188, -0.04146496,
       -0.01453993, -0.00678011,  0.15563057,  0.2109906 , -0.01063738,
       -0.00695699, -0.09725556, -0.04433777, -0.02531592]), array([-0.02912044, -0.28939826, -0.07949697, -0.11811188, -0.04146496,
       -0.01453993, -0.00678011,  0.15563057,  0.2109906 , -0.01063738,
       -0.00695699, -0.09725556, -0.04433777, -0.02531592]), array([-0.02912044, -0.28939826, -0.07949697, -0.11811188, -0.04146496,
       -0.01453993, -0.00678011,  0.15563057,  0.2109906 , -0.01063738,
       -0.00695699, -0.09725556, -0.04433777, -0.02531592]), array([-0.02912044, -0.28939826, -0.07949697, -0.11811188, -0.04146496,
       -0.01453993, -0.00678011,  0.15563057,  0.2109906 , -0.01063738,
       -0.00695699, -0.09725556, -0.04433777, -0.02531592])]"
