N/A,true_reward,final_reward
N/A,"[0.8275862068965517, 0.8275722808539362, 0.8021816871994232, 0.7545170905217932, 0.9872000375874117, 0.9957809300801262]","[array([ 3.20516131e-04,  7.27058018e-05,  1.77829934e-04,  4.07154822e-04,
        3.39322392e-04, -1.77564643e-04,  1.69491355e-01,  9.99972499e-01]), array([ 3.20516131e-04,  7.27058018e-05,  1.77829934e-04,  4.07154822e-04,
        3.39322392e-04, -1.77564643e-04,  1.69491355e-01,  9.99972499e-01]), array([ 3.20516131e-04,  7.27058018e-05,  1.77829934e-04,  4.07154822e-04,
        3.39322392e-04, -1.77564643e-04,  1.69491355e-01,  9.99972499e-01]), array([ 3.20516131e-04,  7.27058018e-05,  1.77829934e-04,  4.07154822e-04,
        3.39322392e-04, -1.77564643e-04,  1.69491355e-01,  9.99972499e-01]), array([ 3.20516131e-04,  7.27058018e-05,  1.77829934e-04,  4.07154822e-04,
        3.39322392e-04, -1.77564643e-04,  1.69491355e-01,  9.99972499e-01]), array([ 3.20516131e-04,  7.27058018e-05,  1.77829934e-04,  4.07154822e-04,
        3.39322392e-04, -1.77564643e-04,  1.69491355e-01,  9.99972499e-01])]"
