N/A,true_reward,final_reward
N/A,"[1.0, 0.9999317627914844, 0.984172528732668, 0.9160928911319538, 0.6397249978535922, 0.6974279297962613]","[array([-0.10988635, -0.06185053,  0.95700368,  0.35111106]), array([-0.10988635, -0.06185053,  0.95700368,  0.35111106]), array([-0.10988635, -0.06185053,  0.95700368,  0.35111106]), array([-0.10988635, -0.06185053,  0.95700368,  0.35111106]), array([-0.10988635, -0.06185053,  0.95700368,  0.35111106]), array([-0.10988635, -0.06185053,  0.95700368,  0.35111106])]"
