N/A,true_reward,final_reward
N/A,"[0.8275862068965517, 0.8275792427955834, 0.8050599689819992, 0.7663847780832137, 0.9908783602854433, 0.9971717095143028]","[array([ 3.20516131e-04,  7.27058018e-05,  1.77829934e-04,  4.07154822e-04,
        3.39322392e-04, -1.77564643e-04,  1.72624505e-04,  9.99972499e-01]), array([ 3.20516131e-04,  7.27058018e-05,  1.77829934e-04,  4.07154822e-04,
        3.39322392e-04, -1.77564643e-04,  1.72624505e-04,  9.99972499e-01]), array([ 3.20516131e-04,  7.27058018e-05,  1.77829934e-04,  4.07154822e-04,
        3.39322392e-04, -1.77564643e-04,  1.72624505e-04,  9.99972499e-01]), array([ 3.20516131e-04,  7.27058018e-05,  1.77829934e-04,  4.07154822e-04,
        3.39322392e-04, -1.77564643e-04,  1.72624505e-04,  9.99972499e-01]), array([ 3.20516131e-04,  7.27058018e-05,  1.77829934e-04,  4.07154822e-04,
        3.39322392e-04, -1.77564643e-04,  1.72624505e-04,  9.99972499e-01]), array([ 3.20516131e-04,  7.27058018e-05,  1.77829934e-04,  4.07154822e-04,
        3.39322392e-04, -1.77564643e-04,  1.72624505e-04,  9.99972499e-01])]"
