seed,true_reward,final_reward
0,0.16306621514795847,"[-3.62021832e-02  3.55132821e-07 -3.60328427e-03  1.98875519e-06
  1.65742644e-06 -7.04068849e-04  7.04044718e-04  1.04994434e-01
  9.98814045e-01]"
1,0.16316649900091246,"[-3.62021942e-02 -5.42923572e-07 -3.60454006e-03 -9.52241683e-07
  7.68034778e-07 -7.05216771e-04  7.04722686e-04  1.04993828e-01
  9.98814425e-01]"
2,0.16319755826082727,"[-3.62028166e-02 -4.93810239e-08 -3.60588167e-03  1.43953829e-06
 -1.57395911e-06 -7.03905827e-04  7.03608431e-04  1.04993481e-01
  9.98814206e-01]"
3,0.16316823656065196,"[-3.62021632e-02  3.87395182e-07 -3.60405171e-03 -1.65381857e-06
 -2.46177384e-07 -7.03516217e-04  7.03127942e-04  1.04993961e-01
  9.98814096e-01]"
4,0.16315036374485742,"[-3.62026689e-02  4.48683811e-07 -3.60494672e-03  6.22473432e-07
 -3.75406780e-07 -7.04601721e-04  7.02598347e-04  1.04995077e-01
  9.98813454e-01]"
5,0.16306743632881524,"[-3.62026266e-02 -2.93641719e-07 -3.60207858e-03 -2.23727543e-07
  9.72768988e-08 -7.01834680e-04  7.02432177e-04  1.04994001e-01
  9.98814287e-01]"
6,0.16317853615375338,"[-3.62027846e-02  6.61599301e-07 -3.60390292e-03 -8.15960635e-07
 -2.25684978e-06 -7.02367238e-04  7.04218903e-04  1.04992818e-01
  9.98813627e-01]"
7,0.16313931660610073,"[-3.62021680e-02 -4.18157811e-07 -3.60410461e-03  3.65727516e-07
 -7.08022897e-07 -7.03199710e-04  7.03200765e-04  1.04992703e-01
  9.98814052e-01]"
8,0.16328876357836408,"[-3.62026508e-02  9.79377118e-07 -3.60578303e-03 -1.24418628e-06
 -2.06099779e-06 -7.01016622e-04  7.04729995e-04  1.04996693e-01
  9.98813864e-01]"
