seed,true_reward,final_reward
0,-3.0269102752915863e-10,[-0.60151547  0.13729486  0.90335615  1.23791962]
1,-3.48804290771734e-10,[-0.59738732  0.13712136  0.89914644  1.22787717]
2,-3.068704214296957e-10,[-0.60133955  0.13713954  0.89545429  1.23672515]
3,-3.631805566206505e-10,[-0.59607177  0.13963791  0.90041611  1.22515645]
4,-3.211776721277871e-10,[-0.59984566  0.1386519   0.89807745  1.23366513]
5,-3.346399342255848e-10,[-0.59843038  0.13707181  0.90646758  1.23097684]
6,-3.444556396477194e-10,[-0.59764354  0.13989448  0.900742    1.22887467]
7,-3.2677745676646386e-10,[-0.59930846  0.1365708   0.90078827  1.23247491]
8,-3.5319794708727905e-10,[-0.59700884  0.14108056  0.89525226  1.22700481]
