N/A,true_reward,final_reward
N/A,"[0.6666666666666666, 0.666701409850844, 0.7846343254202147, 0.8882899435921212, 0.863926793223288, 0.9038620743122889]","[array([-0.27316382,  0.00384467, -0.02267967,  0.02153025,  0.01794329,
       -0.01462103,  0.01435979,  1.22568601,  0.99597205]), array([-0.27316382,  0.00384467, -0.02267967,  0.02153025,  0.01794329,
       -0.01462103,  0.01435979,  1.22568601,  0.99597205]), array([-0.27316382,  0.00384467, -0.02267967,  0.02153025,  0.01794329,
       -0.01462103,  0.01435979,  1.22568601,  0.99597205]), array([-0.27316382,  0.00384467, -0.02267967,  0.02153025,  0.01794329,
       -0.01462103,  0.01435979,  1.22568601,  0.99597205]), array([-0.27316382,  0.00384467, -0.02267967,  0.02153025,  0.01794329,
       -0.01462103,  0.01435979,  1.22568601,  0.99597205]), array([-0.27316382,  0.00384467, -0.02267967,  0.02153025,  0.01794329,
       -0.01462103,  0.01435979,  1.22568601,  0.99597205])]"
