N/A,true_reward,final_reward
N/A,"[0.5333333333333333, 0.5333582814616176, 0.5900404299126728, 0.8212240996061246, 0.9935648702715489, 0.9975173431958764]","[array([-0.82924341, -0.68593607, -0.75863529,  0.37259672,  0.40474393,
       -0.00359341,  0.85372729,  0.94001607]), array([-0.82924341, -0.68593607, -0.75863529,  0.37259672,  0.40474393,
       -0.00359341,  0.85372729,  0.94001607]), array([-0.82924341, -0.68593607, -0.75863529,  0.37259672,  0.40474393,
       -0.00359341,  0.85372729,  0.94001607]), array([-0.82924341, -0.68593607, -0.75863529,  0.37259672,  0.40474393,
       -0.00359341,  0.85372729,  0.94001607]), array([-0.82924341, -0.68593607, -0.75863529,  0.37259672,  0.40474393,
       -0.00359341,  0.85372729,  0.94001607]), array([-0.82924341, -0.68593607, -0.75863529,  0.37259672,  0.40474393,
       -0.00359341,  0.85372729,  0.94001607])]"
