N/A,true_reward,final_reward
N/A,"[1.0, 0.9999529149917702, 0.9533810307128184, 0.8430462904717556, 0.7775608471902852, 0.8502225075797848]","[array([-0.09741176,  0.00964453,  0.99498414,  0.05831368]), array([-0.09741176,  0.00964453,  0.99498414,  0.05831368]), array([-0.09741176,  0.00964453,  0.99498414,  0.05831368]), array([-0.09741176,  0.00964453,  0.99498414,  0.05831368]), array([-0.09741176,  0.00964453,  0.99498414,  0.05831368]), array([-0.09741176,  0.00964453,  0.99498414,  0.05831368])]"
