N/A,true_reward,final_reward
N/A,"[1.0, 0.9999998765816792, 0.9998624401068232, 0.9994230037742038, 0.9999742566274735, 0.9999898787131295]","[array([-1.40914317e-02, -4.99651275e-03, -4.99655994e-03,  2.49825985e-03,
        2.49941607e-03, -2.14384966e-07,  3.54702553e-03,  9.99944843e-01]), array([-1.40914317e-02, -4.99651275e-03, -4.99655994e-03,  2.49825985e-03,
        2.49941607e-03, -2.14384966e-07,  3.54702553e-03,  9.99944843e-01]), array([-1.40914317e-02, -4.99651275e-03, -4.99655994e-03,  2.49825985e-03,
        2.49941607e-03, -2.14384966e-07,  3.54702553e-03,  9.99944843e-01]), array([-1.40914317e-02, -4.99651275e-03, -4.99655994e-03,  2.49825985e-03,
        2.49941607e-03, -2.14384966e-07,  3.54702553e-03,  9.99944843e-01]), array([-1.40914317e-02, -4.99651275e-03, -4.99655994e-03,  2.49825985e-03,
        2.49941607e-03, -2.14384966e-07,  3.54702553e-03,  9.99944843e-01]), array([-1.40914317e-02, -4.99651275e-03, -4.99655994e-03,  2.49825985e-03,
        2.49941607e-03, -2.14384966e-07,  3.54702553e-03,  9.99944843e-01])]"
