N/A,true_reward,final_reward
N/A,"[0.5333333333333333, 0.5333469203054393, 0.5824843380126586, 0.7965267690630343, 0.9904649232345494, 0.9963262617192494]","[array([-1.06017542, -0.83092215, -0.96567152,  0.4832539 ,  0.53129476,
       -0.00938958,  1.22669444,  0.90615064]), array([-1.06017542, -0.83092215, -0.96567152,  0.4832539 ,  0.53129476,
       -0.00938958,  1.22669444,  0.90615064]), array([-1.06017542, -0.83092215, -0.96567152,  0.4832539 ,  0.53129476,
       -0.00938958,  1.22669444,  0.90615064]), array([-1.06017542, -0.83092215, -0.96567152,  0.4832539 ,  0.53129476,
       -0.00938958,  1.22669444,  0.90615064]), array([-1.06017542, -0.83092215, -0.96567152,  0.4832539 ,  0.53129476,
       -0.00938958,  1.22669444,  0.90615064]), array([-1.06017542, -0.83092215, -0.96567152,  0.4832539 ,  0.53129476,
       -0.00938958,  1.22669444,  0.90615064])]"
