N/A,true_reward,final_reward
N/A,"[1.0, 0.5613131534814946, 0.6703353449735111, 0.7354482083444087, 0.810871888510055, 0.8745707219126115]","[array([-3.62021832e-02,  3.55132821e-07, -3.60328427e-03,  1.98875519e-06,
        1.65742644e-06, -7.04068849e-04,  7.04044718e-04,  1.04994434e-01,
        9.98814045e-01]), array([-3.62021832e-02,  3.55132821e-07, -3.60328427e-03,  1.98875519e-06,
        1.65742644e-06, -7.04068849e-04,  7.04044718e-04,  1.04994434e-01,
        9.98814045e-01]), array([-3.62021832e-02,  3.55132821e-07, -3.60328427e-03,  1.98875519e-06,
        1.65742644e-06, -7.04068849e-04,  7.04044718e-04,  1.04994434e-01,
        9.98814045e-01]), array([-3.62021832e-02,  3.55132821e-07, -3.60328427e-03,  1.98875519e-06,
        1.65742644e-06, -7.04068849e-04,  7.04044718e-04,  1.04994434e-01,
        9.98814045e-01]), array([-3.62021832e-02,  3.55132821e-07, -3.60328427e-03,  1.98875519e-06,
        1.65742644e-06, -7.04068849e-04,  7.04044718e-04,  1.04994434e-01,
        9.98814045e-01]), array([-3.62021832e-02,  3.55132821e-07, -3.60328427e-03,  1.98875519e-06,
        1.65742644e-06, -7.04068849e-04,  7.04044718e-04,  1.04994434e-01,
        9.98814045e-01])]"
