N/A,true_reward,final_reward
N/A,"[0.5882352941176471, 0.5882482544441123, 0.6310756565928141, 0.7555375297250024, 0.901677066091792, 0.9323562172112267]","[array([-0.60151547,  0.13729486,  0.90335615,  1.23791962]), array([-0.60151547,  0.13729486,  0.90335615,  1.23791962]), array([-0.60151547,  0.13729486,  0.90335615,  1.23791962]), array([-0.60151547,  0.13729486,  0.90335615,  1.23791962]), array([-0.60151547,  0.13729486,  0.90335615,  1.23791962]), array([-0.60151547,  0.13729486,  0.90335615,  1.23791962])]"
