N/A,true_reward,final_reward
N/A,"[0.5882352941176471, 0.5882482547441774, 0.6315458535096788, 0.754053626317005, 0.9315950341897345, 0.9562979842131467]","[array([-0.76364862,  0.16465508,  0.8846495 ,  1.55055918]), array([-0.76364862,  0.16465508,  0.8846495 ,  1.55055918]), array([-0.76364862,  0.16465508,  0.8846495 ,  1.55055918]), array([-0.76364862,  0.16465508,  0.8846495 ,  1.55055918]), array([-0.76364862,  0.16465508,  0.8846495 ,  1.55055918]), array([-0.76364862,  0.16465508,  0.8846495 ,  1.55055918])]"
