N/A,true_reward,final_reward
N/A,"[0.5333333333333333, 0.5333469203054645, 0.5826074531807351, 0.7996574129979548, 0.9912956818180289, 0.9966456516541765]","[array([-0.9709095 , -0.78700776, -0.90591406,  0.45044992,  0.49508197,
       -0.00761081,  1.12416667,  0.91483064]), array([-0.9709095 , -0.78700776, -0.90591406,  0.45044992,  0.49508197,
       -0.00761081,  1.12416667,  0.91483064]), array([-0.9709095 , -0.78700776, -0.90591406,  0.45044992,  0.49508197,
       -0.00761081,  1.12416667,  0.91483064]), array([-0.9709095 , -0.78700776, -0.90591406,  0.45044992,  0.49508197,
       -0.00761081,  1.12416667,  0.91483064]), array([-0.9709095 , -0.78700776, -0.90591406,  0.45044992,  0.49508197,
       -0.00761081,  1.12416667,  0.91483064]), array([-0.9709095 , -0.78700776, -0.90591406,  0.45044992,  0.49508197,
       -0.00761081,  1.12416667,  0.91483064])]"
