N/A,true_reward,final_reward
N/A,"[0.5333333333333333, 0.5333469203054122, 0.5824351379305291, 0.7927217074597274, 0.9824880274217399, 0.9920989521329235]","[array([-1.05963164, -0.83002673, -0.96562011,  0.48326468,  0.53123256,
       -0.00938958,  1.22829576, -0.05770263]), array([-1.05963164, -0.83002673, -0.96562011,  0.48326468,  0.53123256,
       -0.00938958,  1.22829576, -0.05770263]), array([-1.05963164, -0.83002673, -0.96562011,  0.48326468,  0.53123256,
       -0.00938958,  1.22829576, -0.05770263]), array([-1.05963164, -0.83002673, -0.96562011,  0.48326468,  0.53123256,
       -0.00938958,  1.22829576, -0.05770263]), array([-1.05963164, -0.83002673, -0.96562011,  0.48326468,  0.53123256,
       -0.00938958,  1.22829576, -0.05770263]), array([-1.05963164, -0.83002673, -0.96562011,  0.48326468,  0.53123256,
       -0.00938958,  1.22829576, -0.05770263])]"
