N/A,true_reward,final_reward
N/A,"[0.5882352941176471, 0.5882482547462685, 0.6316422025698084, 0.7533528637966096, 0.9242078615826181, 0.9535262321619518]","[array([-0.8194988 ,  0.17580255, -0.08708954,  1.65474979]), array([-0.8194988 ,  0.17580255, -0.08708954,  1.65474979]), array([-0.8194988 ,  0.17580255, -0.08708954,  1.65474979]), array([-0.8194988 ,  0.17580255, -0.08708954,  1.65474979]), array([-0.8194988 ,  0.17580255, -0.08708954,  1.65474979]), array([-0.8194988 ,  0.17580255, -0.08708954,  1.65474979])]"
