N/A,true_reward,final_reward
N/A,"[0.5882352941176471, 0.5882482547463787, 0.6316557744373906, 0.7535191288151506, 0.9253529962099073, 0.9545155799682016]","[array([-0.82824319,  0.17783602, -0.11381259,  1.66934067]), array([-0.82824319,  0.17783602, -0.11381259,  1.66934067]), array([-0.82824319,  0.17783602, -0.11381259,  1.66934067]), array([-0.82824319,  0.17783602, -0.11381259,  1.66934067]), array([-0.82824319,  0.17783602, -0.11381259,  1.66934067]), array([-0.82824319,  0.17783602, -0.11381259,  1.66934067])]"
