N/A,true_reward,final_reward
N/A,"[1.0, 0.5494233401060912, 0.6598677446772198, 0.7229495168304274, 0.8073677200618078, 0.87264984353128]","[array([-1.69307551e-02,  2.34200415e-06, -1.47780691e-03,  1.31152983e-05,
        1.09302756e-05, -2.44653722e-04,  2.44494590e-04,  4.63181905e-02,
        9.99869007e-01]), array([-1.69307551e-02,  2.34200415e-06, -1.47780691e-03,  1.31152983e-05,
        1.09302756e-05, -2.44653722e-04,  2.44494590e-04,  4.63181905e-02,
        9.99869007e-01]), array([-1.69307551e-02,  2.34200415e-06, -1.47780691e-03,  1.31152983e-05,
        1.09302756e-05, -2.44653722e-04,  2.44494590e-04,  4.63181905e-02,
        9.99869007e-01]), array([-1.69307551e-02,  2.34200415e-06, -1.47780691e-03,  1.31152983e-05,
        1.09302756e-05, -2.44653722e-04,  2.44494590e-04,  4.63181905e-02,
        9.99869007e-01]), array([-1.69307551e-02,  2.34200415e-06, -1.47780691e-03,  1.31152983e-05,
        1.09302756e-05, -2.44653722e-04,  2.44494590e-04,  4.63181905e-02,
        9.99869007e-01]), array([-1.69307551e-02,  2.34200415e-06, -1.47780691e-03,  1.31152983e-05,
        1.09302756e-05, -2.44653722e-04,  2.44494590e-04,  4.63181905e-02,
        9.99869007e-01])]"
