N/A,true_reward,final_reward
N/A,"[0.5333333333333333, 0.533346920305464, 0.582740544893618, 0.7995873221534492, 0.9886963724568228, 0.9952894541984503]","[array([-0.81606076, -0.67051813, -0.75704287,  0.37270087,  0.40304736,
       -0.00359341,  0.87907304,  0.50466017]), array([-0.81606076, -0.67051813, -0.75704287,  0.37270087,  0.40304736,
       -0.00359341,  0.87907304,  0.50466017]), array([-0.81606076, -0.67051813, -0.75704287,  0.37270087,  0.40304736,
       -0.00359341,  0.87907304,  0.50466017]), array([-0.81606076, -0.67051813, -0.75704287,  0.37270087,  0.40304736,
       -0.00359341,  0.87907304,  0.50466017]), array([-0.81606076, -0.67051813, -0.75704287,  0.37270087,  0.40304736,
       -0.00359341,  0.87907304,  0.50466017]), array([-0.81606076, -0.67051813, -0.75704287,  0.37270087,  0.40304736,
       -0.00359341,  0.87907304,  0.50466017])]"
