N/A,true_reward,final_reward
N/A,"[1.0, 0.9996150403341384, 0.9506614312928368, 0.866139529398872, 0.8327250931125572, 0.883957181961505]","[array([-0.29564022,  0.07262182,  0.95927055,  0.45167658]), array([-0.29564022,  0.07262182,  0.95927055,  0.45167658]), array([-0.29564022,  0.07262182,  0.95927055,  0.45167658]), array([-0.29564022,  0.07262182,  0.95927055,  0.45167658]), array([-0.29564022,  0.07262182,  0.95927055,  0.45167658]), array([-0.29564022,  0.07262182,  0.95927055,  0.45167658])]"
