N/A,true_reward,final_reward
N/A,"[1.0, 0.5593882067334257, 0.6698286650603693, 0.7351271540057598, 0.8107851987228949, 0.8745231330545663]","[array([-3.59837447e-02,  2.86951721e-06, -3.26074050e-03,  1.60693884e-05,
        1.33922111e-05, -5.34561942e-04,  5.34366967e-04,  1.04919203e-01,
        9.99708580e-01]), array([-3.59837447e-02,  2.86951721e-06, -3.26074050e-03,  1.60693884e-05,
        1.33922111e-05, -5.34561942e-04,  5.34366967e-04,  1.04919203e-01,
        9.99708580e-01]), array([-3.59837447e-02,  2.86951721e-06, -3.26074050e-03,  1.60693884e-05,
        1.33922111e-05, -5.34561942e-04,  5.34366967e-04,  1.04919203e-01,
        9.99708580e-01]), array([-3.59837447e-02,  2.86951721e-06, -3.26074050e-03,  1.60693884e-05,
        1.33922111e-05, -5.34561942e-04,  5.34366967e-04,  1.04919203e-01,
        9.99708580e-01]), array([-3.59837447e-02,  2.86951721e-06, -3.26074050e-03,  1.60693884e-05,
        1.33922111e-05, -5.34561942e-04,  5.34366967e-04,  1.04919203e-01,
        9.99708580e-01]), array([-3.59837447e-02,  2.86951721e-06, -3.26074050e-03,  1.60693884e-05,
        1.33922111e-05, -5.34561942e-04,  5.34366967e-04,  1.04919203e-01,
        9.99708580e-01])]"
