N/A,true_reward,final_reward
N/A,"[1.0, 0.9999990104128051, 0.9989151117714385, 0.9969712583257749, 0.9998939415206524, 0.999959447225993]","[array([-5.57951420e-02, -1.99779936e-02, -1.99805700e-02,  9.98749666e-03,
        9.99354447e-03, -9.05094878e-08,  1.42713248e-02,  9.97995612e-01]), array([-5.57951420e-02, -1.99779936e-02, -1.99805700e-02,  9.98749666e-03,
        9.99354447e-03, -9.05094878e-08,  1.42713248e-02,  9.97995612e-01]), array([-5.57951420e-02, -1.99779936e-02, -1.99805700e-02,  9.98749666e-03,
        9.99354447e-03, -9.05094878e-08,  1.42713248e-02,  9.97995612e-01]), array([-5.57951420e-02, -1.99779936e-02, -1.99805700e-02,  9.98749666e-03,
        9.99354447e-03, -9.05094878e-08,  1.42713248e-02,  9.97995612e-01]), array([-5.57951420e-02, -1.99779936e-02, -1.99805700e-02,  9.98749666e-03,
        9.99354447e-03, -9.05094878e-08,  1.42713248e-02,  9.97995612e-01]), array([-5.57951420e-02, -1.99779936e-02, -1.99805700e-02,  9.98749666e-03,
        9.99354447e-03, -9.05094878e-08,  1.42713248e-02,  9.97995612e-01])]"
