N/A,true_reward,final_reward
N/A,"[0.6666666666666666, 0.6667011199075075, 0.7831617032889108, 0.8850090212897064, 0.8620486379173479, 0.9028192976390763]","[array([-0.26487371,  0.00358074, -0.02224035,  0.02005227,  0.01671154,
       -0.01379973,  0.01355643,  1.181908  ,  0.99614389]), array([-0.26487371,  0.00358074, -0.02224035,  0.02005227,  0.01671154,
       -0.01379973,  0.01355643,  1.181908  ,  0.99614389]), array([-0.26487371,  0.00358074, -0.02224035,  0.02005227,  0.01671154,
       -0.01379973,  0.01355643,  1.181908  ,  0.99614389]), array([-0.26487371,  0.00358074, -0.02224035,  0.02005227,  0.01671154,
       -0.01379973,  0.01355643,  1.181908  ,  0.99614389]), array([-0.26487371,  0.00358074, -0.02224035,  0.02005227,  0.01671154,
       -0.01379973,  0.01355643,  1.181908  ,  0.99614389]), array([-0.26487371,  0.00358074, -0.02224035,  0.02005227,  0.01671154,
       -0.01379973,  0.01355643,  1.181908  ,  0.99614389])]"
