N/A,true_reward,final_reward
N/A,"[0.5333333333333333, 0.533346920305479, 0.5824396600578502, 0.7932659489420725, 0.9841076517309669, 0.9929964621775546]","[array([-0.96750923, -0.78171445, -0.90557974,  0.45052143,  0.49467614,
       -0.00761081,  1.13350579,  0.11702655]), array([-0.96750923, -0.78171445, -0.90557974,  0.45052143,  0.49467614,
       -0.00761081,  1.13350579,  0.11702655]), array([-0.96750923, -0.78171445, -0.90557974,  0.45052143,  0.49467614,
       -0.00761081,  1.13350579,  0.11702655]), array([-0.96750923, -0.78171445, -0.90557974,  0.45052143,  0.49467614,
       -0.00761081,  1.13350579,  0.11702655]), array([-0.96750923, -0.78171445, -0.90557974,  0.45052143,  0.49467614,
       -0.00761081,  1.13350579,  0.11702655]), array([-0.96750923, -0.78171445, -0.90557974,  0.45052143,  0.49467614,
       -0.00761081,  1.13350579,  0.11702655])]"
