N/A,true_reward,final_reward
N/A,"[0.5333333333333333, 0.533346920305452, 0.5824361367745688, 0.7928718901399207, 0.9830527343615051, 0.9924180081759697]","[array([-1.02468415, -0.81226386, -0.94383802,  0.47132606,  0.51803385,
       -0.00874501,  1.194503  ,  0.00583608]), array([-1.02468415, -0.81226386, -0.94383802,  0.47132606,  0.51803385,
       -0.00874501,  1.194503  ,  0.00583608]), array([-1.02468415, -0.81226386, -0.94383802,  0.47132606,  0.51803385,
       -0.00874501,  1.194503  ,  0.00583608]), array([-1.02468415, -0.81226386, -0.94383802,  0.47132606,  0.51803385,
       -0.00874501,  1.194503  ,  0.00583608]), array([-1.02468415, -0.81226386, -0.94383802,  0.47132606,  0.51803385,
       -0.00874501,  1.194503  ,  0.00583608]), array([-1.02468415, -0.81226386, -0.94383802,  0.47132606,  0.51803385,
       -0.00874501,  1.194503  ,  0.00583608])]"
