N/A,true_reward,final_reward
N/A,"[1.0, 0.999781092126349, 0.928515049639196, 0.8022229587121454, 0.7702838089474131, 0.8463019078880546]","[array([-0.0806013 ,  0.00623315,  0.93265878,  0.05827293]), array([-0.0806013 ,  0.00623315,  0.93265878,  0.05827293]), array([-0.0806013 ,  0.00623315,  0.93265878,  0.05827293]), array([-0.0806013 ,  0.00623315,  0.93265878,  0.05827293]), array([-0.0806013 ,  0.00623315,  0.93265878,  0.05827293]), array([-0.0806013 ,  0.00623315,  0.93265878,  0.05827293])]"
