N/A,true_reward,final_reward
N/A,"[1.0, 0.5436150740987485, 0.6539590463699004, 0.7153754561942101, 0.8052665635201536, 0.871500580224883]","[array([-4.39575283e-03,  7.86817316e-07, -3.74364812e-04,  4.40620220e-06,
        3.67212419e-06, -6.24373701e-05,  6.23839082e-05,  1.15380454e-02,
        9.99966982e-01]), array([-4.39575283e-03,  7.86817316e-07, -3.74364812e-04,  4.40620220e-06,
        3.67212419e-06, -6.24373701e-05,  6.23839082e-05,  1.15380454e-02,
        9.99966982e-01]), array([-4.39575283e-03,  7.86817316e-07, -3.74364812e-04,  4.40620220e-06,
        3.67212419e-06, -6.24373701e-05,  6.23839082e-05,  1.15380454e-02,
        9.99966982e-01]), array([-4.39575283e-03,  7.86817316e-07, -3.74364812e-04,  4.40620220e-06,
        3.67212419e-06, -6.24373701e-05,  6.23839082e-05,  1.15380454e-02,
        9.99966982e-01]), array([-4.39575283e-03,  7.86817316e-07, -3.74364812e-04,  4.40620220e-06,
        3.67212419e-06, -6.24373701e-05,  6.23839082e-05,  1.15380454e-02,
        9.99966982e-01]), array([-4.39575283e-03,  7.86817316e-07, -3.74364812e-04,  4.40620220e-06,
        3.67212419e-06, -6.24373701e-05,  6.23839082e-05,  1.15380454e-02,
        9.99966982e-01])]"
