N/A,true_reward,final_reward
N/A,"[0.5333333333333333, 0.5333469203054244, 0.5824348230564177, 0.7926670928224042, 0.9822450194810677, 0.9919595125680569]","[array([-1.07562735, -0.83801119, -0.97531305,  0.48859548,  0.53708327,
       -0.00967554,  1.2431284 , -0.08596717]), array([-1.07562735, -0.83801119, -0.97531305,  0.48859548,  0.53708327,
       -0.00967554,  1.2431284 , -0.08596717]), array([-1.07562735, -0.83801119, -0.97531305,  0.48859548,  0.53708327,
       -0.00967554,  1.2431284 , -0.08596717]), array([-1.07562735, -0.83801119, -0.97531305,  0.48859548,  0.53708327,
       -0.00967554,  1.2431284 , -0.08596717]), array([-1.07562735, -0.83801119, -0.97531305,  0.48859548,  0.53708327,
       -0.00967554,  1.2431284 , -0.08596717]), array([-1.07562735, -0.83801119, -0.97531305,  0.48859548,  0.53708327,
       -0.00967554,  1.2431284 , -0.08596717])]"
