N/A,true_reward,final_reward
N/A,"[1.0, 0.5902369778044929, 0.7021507608557218, 0.7707559513985297, 0.8209535044405746, 0.8801150104125713]","[array([-8.54847334e-02,  7.27058018e-05, -8.31839046e-03,  4.07154822e-04,
        3.39322392e-04, -1.55718661e-03,  1.55224647e-03,  2.92465671e-01,
        9.99203523e-01]), array([-8.54847334e-02,  7.27058018e-05, -8.31839046e-03,  4.07154822e-04,
        3.39322392e-04, -1.55718661e-03,  1.55224647e-03,  2.92465671e-01,
        9.99203523e-01]), array([-8.54847334e-02,  7.27058018e-05, -8.31839046e-03,  4.07154822e-04,
        3.39322392e-04, -1.55718661e-03,  1.55224647e-03,  2.92465671e-01,
        9.99203523e-01]), array([-8.54847334e-02,  7.27058018e-05, -8.31839046e-03,  4.07154822e-04,
        3.39322392e-04, -1.55718661e-03,  1.55224647e-03,  2.92465671e-01,
        9.99203523e-01]), array([-8.54847334e-02,  7.27058018e-05, -8.31839046e-03,  4.07154822e-04,
        3.39322392e-04, -1.55718661e-03,  1.55224647e-03,  2.92465671e-01,
        9.99203523e-01]), array([-8.54847334e-02,  7.27058018e-05, -8.31839046e-03,  4.07154822e-04,
        3.39322392e-04, -1.55718661e-03,  1.55224647e-03,  2.92465671e-01,
        9.99203523e-01])]"
