N/A,true_reward,final_reward
N/A,"[0.5882352941176471, 0.5882482547443866, 0.6315340317927384, 0.7521373240703756, 0.9163712812337026, 0.946866656315604]","[array([-0.76227569,  0.16309171,  0.07451052,  1.56025231]), array([-0.76227569,  0.16309171,  0.07451052,  1.56025231]), array([-0.76227569,  0.16309171,  0.07451052,  1.56025231]), array([-0.76227569,  0.16309171,  0.07451052,  1.56025231]), array([-0.76227569,  0.16309171,  0.07451052,  1.56025231]), array([-0.76227569,  0.16309171,  0.07451052,  1.56025231])]"
