N/A,true_reward,final_reward
N/A,"[0.5333333333333333, 0.5333469203054566, 0.5824759242016788, 0.7961741627188932, 0.9903366580582667, 0.9962769107847608]","[array([-1.0757632 , -0.8382365 , -0.97532584,  0.48859284,  0.53709871,
       -0.00967554,  1.24272472,  0.90484882]), array([-1.0757632 , -0.8382365 , -0.97532584,  0.48859284,  0.53709871,
       -0.00967554,  1.24272472,  0.90484882]), array([-1.0757632 , -0.8382365 , -0.97532584,  0.48859284,  0.53709871,
       -0.00967554,  1.24272472,  0.90484882]), array([-1.0757632 , -0.8382365 , -0.97532584,  0.48859284,  0.53709871,
       -0.00967554,  1.24272472,  0.90484882]), array([-1.0757632 , -0.8382365 , -0.97532584,  0.48859284,  0.53709871,
       -0.00967554,  1.24272472,  0.90484882]), array([-1.0757632 , -0.8382365 , -0.97532584,  0.48859284,  0.53709871,
       -0.00967554,  1.24272472,  0.90484882])]"
