N/A,true_reward,final_reward
N/A,"[1.0, 0.9999994776483683, 0.9993131715029703, 0.9978041095160735, 0.9999215250424328, 0.9999699822808165]","[array([-5.61815342e-02, -1.99796583e-02, -1.99800653e-02,  9.98969030e-03,
        9.99569091e-03, -1.02121313e-06,  1.42545284e-02,  9.99774555e-01]), array([-5.61815342e-02, -1.99796583e-02, -1.99800653e-02,  9.98969030e-03,
        9.99569091e-03, -1.02121313e-06,  1.42545284e-02,  9.99774555e-01]), array([-5.61815342e-02, -1.99796583e-02, -1.99800653e-02,  9.98969030e-03,
        9.99569091e-03, -1.02121313e-06,  1.42545284e-02,  9.99774555e-01]), array([-5.61815342e-02, -1.99796583e-02, -1.99800653e-02,  9.98969030e-03,
        9.99569091e-03, -1.02121313e-06,  1.42545284e-02,  9.99774555e-01]), array([-5.61815342e-02, -1.99796583e-02, -1.99800653e-02,  9.98969030e-03,
        9.99569091e-03, -1.02121313e-06,  1.42545284e-02,  9.99774555e-01]), array([-5.61815342e-02, -1.99796583e-02, -1.99800653e-02,  9.98969030e-03,
        9.99569091e-03, -1.02121313e-06,  1.42545284e-02,  9.99774555e-01])]"
