N/A,true_reward,final_reward
N/A,"[1.0, 0.5422347604574258, 0.6524971049239072, 0.7134514205038259, 0.8047364702692869, 0.8712109914708889]","[array([-1.11844107e-03,  4.09557049e-09, -1.04155312e-04,  2.29353261e-08,
        1.91142762e-08, -2.02717002e-05,  2.02714219e-05,  2.88237772e-03,
        9.99967884e-01]), array([-1.11844107e-03,  4.09557049e-09, -1.04155312e-04,  2.29353261e-08,
        1.91142762e-08, -2.02717002e-05,  2.02714219e-05,  2.88237772e-03,
        9.99967884e-01]), array([-1.11844107e-03,  4.09557049e-09, -1.04155312e-04,  2.29353261e-08,
        1.91142762e-08, -2.02717002e-05,  2.02714219e-05,  2.88237772e-03,
        9.99967884e-01]), array([-1.11844107e-03,  4.09557049e-09, -1.04155312e-04,  2.29353261e-08,
        1.91142762e-08, -2.02717002e-05,  2.02714219e-05,  2.88237772e-03,
        9.99967884e-01]), array([-1.11844107e-03,  4.09557049e-09, -1.04155312e-04,  2.29353261e-08,
        1.91142762e-08, -2.02717002e-05,  2.02714219e-05,  2.88237772e-03,
        9.99967884e-01]), array([-1.11844107e-03,  4.09557049e-09, -1.04155312e-04,  2.29353261e-08,
        1.91142762e-08, -2.02717002e-05,  2.02714219e-05,  2.88237772e-03,
        9.99967884e-01])]"
