N/A,true_reward,final_reward
N/A,"[1.0, 0.99989863953553, 0.9411805799387928, 0.8113101104818253, 0.7856387145577547, 0.855563330539043]","[array([-0.13814333,  0.0178789 ,  0.86268921,  0.13840696]), array([-0.13814333,  0.0178789 ,  0.86268921,  0.13840696]), array([-0.13814333,  0.0178789 ,  0.86268921,  0.13840696]), array([-0.13814333,  0.0178789 ,  0.86268921,  0.13840696]), array([-0.13814333,  0.0178789 ,  0.86268921,  0.13840696]), array([-0.13814333,  0.0178789 ,  0.86268921,  0.13840696])]"
