N/A,true_reward,final_reward
N/A,"[1.0, 0.9765435830243571, 0.871323187346877, 0.7710093761303037, 0.7547403550810136, 0.8371882268374419]","[array([-0.02648283,  0.00102396,  0.98215209,  0.01403006]), array([-0.02648283,  0.00102396,  0.98215209,  0.01403006]), array([-0.02648283,  0.00102396,  0.98215209,  0.01403006]), array([-0.02648283,  0.00102396,  0.98215209,  0.01403006]), array([-0.02648283,  0.00102396,  0.98215209,  0.01403006]), array([-0.02648283,  0.00102396,  0.98215209,  0.01403006])]"
