N/A,true_reward,final_reward
N/A,"[0.6666666666666666, 0.6667014108858635, 0.7846115298282688, 0.8876602340082933, 0.8628984407819954, 0.9031890449208285]","[array([-0.27317037,  0.00384467, -0.02271741,  0.02153025,  0.01794329,
       -0.01464069,  0.01437945,  1.22568648,  0.03510919]), array([-0.27317037,  0.00384467, -0.02271741,  0.02153025,  0.01794329,
       -0.01464069,  0.01437945,  1.22568648,  0.03510919]), array([-0.27317037,  0.00384467, -0.02271741,  0.02153025,  0.01794329,
       -0.01464069,  0.01437945,  1.22568648,  0.03510919]), array([-0.27317037,  0.00384467, -0.02271741,  0.02153025,  0.01794329,
       -0.01464069,  0.01437945,  1.22568648,  0.03510919]), array([-0.27317037,  0.00384467, -0.02271741,  0.02153025,  0.01794329,
       -0.01464069,  0.01437945,  1.22568648,  0.03510919]), array([-0.27317037,  0.00384467, -0.02271741,  0.02153025,  0.01794329,
       -0.01464069,  0.01437945,  1.22568648,  0.03510919])]"
