N/A,true_reward,final_reward
N/A,"[0.6666666666666666, 0.6667001454861518, 0.7801519895223817, 0.8785676667964536, 0.8586068019607078, 0.9009103698169417]","[array([-0.24974014,  0.00311633, -0.02139976,  0.01745155,  0.0145441 ,
       -0.01234342,  0.01213167,  1.102238  ,  0.99645285]), array([-0.24974014,  0.00311633, -0.02139976,  0.01745155,  0.0145441 ,
       -0.01234342,  0.01213167,  1.102238  ,  0.99645285]), array([-0.24974014,  0.00311633, -0.02139976,  0.01745155,  0.0145441 ,
       -0.01234342,  0.01213167,  1.102238  ,  0.99645285]), array([-0.24974014,  0.00311633, -0.02139976,  0.01745155,  0.0145441 ,
       -0.01234342,  0.01213167,  1.102238  ,  0.99645285]), array([-0.24974014,  0.00311633, -0.02139976,  0.01745155,  0.0145441 ,
       -0.01234342,  0.01213167,  1.102238  ,  0.99645285]), array([-0.24974014,  0.00311633, -0.02139976,  0.01745155,  0.0145441 ,
       -0.01234342,  0.01213167,  1.102238  ,  0.99645285])]"
