N/A,true_reward,final_reward
N/A,"[0.8, 0.8071805250007484, 0.8634593871639122, 0.8924573204555571, 0.9961405201687297, 0.9984817060455213]","[array([-6.50957078e-01, -4.16426147e-01, -4.30235363e-01,  2.12708703e-01,
        2.18450967e-01, -1.77564643e-04,  3.78085786e-01,  8.82905815e-01]), array([-6.50957078e-01, -4.16426147e-01, -4.30235363e-01,  2.12708703e-01,
        2.18450967e-01, -1.77564643e-04,  3.78085786e-01,  8.82905815e-01]), array([-6.50957078e-01, -4.16426147e-01, -4.30235363e-01,  2.12708703e-01,
        2.18450967e-01, -1.77564643e-04,  3.78085786e-01,  8.82905815e-01]), array([-6.50957078e-01, -4.16426147e-01, -4.30235363e-01,  2.12708703e-01,
        2.18450967e-01, -1.77564643e-04,  3.78085786e-01,  8.82905815e-01]), array([-6.50957078e-01, -4.16426147e-01, -4.30235363e-01,  2.12708703e-01,
        2.18450967e-01, -1.77564643e-04,  3.78085786e-01,  8.82905815e-01]), array([-6.50957078e-01, -4.16426147e-01, -4.30235363e-01,  2.12708703e-01,
        2.18450967e-01, -1.77564643e-04,  3.78085786e-01,  8.82905815e-01])]"
