N/A,true_reward,final_reward
N/A,"[1.0, 0.9999877354444705, 0.9878238028520976, 0.9772633543596427, 0.9992751442782494, 0.9997212268585828]","[array([-4.28194831e-01, -1.77362324e-01, -1.77604130e-01,  8.85350107e-02,
        8.90845512e-02, -2.96451425e-06,  1.33704453e-01,  9.96657824e-01]), array([-4.28194831e-01, -1.77362324e-01, -1.77604130e-01,  8.85350107e-02,
        8.90845512e-02, -2.96451425e-06,  1.33704453e-01,  9.96657824e-01]), array([-4.28194831e-01, -1.77362324e-01, -1.77604130e-01,  8.85350107e-02,
        8.90845512e-02, -2.96451425e-06,  1.33704453e-01,  9.96657824e-01]), array([-4.28194831e-01, -1.77362324e-01, -1.77604130e-01,  8.85350107e-02,
        8.90845512e-02, -2.96451425e-06,  1.33704453e-01,  9.96657824e-01]), array([-4.28194831e-01, -1.77362324e-01, -1.77604130e-01,  8.85350107e-02,
        8.90845512e-02, -2.96451425e-06,  1.33704453e-01,  9.96657824e-01]), array([-4.28194831e-01, -1.77362324e-01, -1.77604130e-01,  8.85350107e-02,
        8.90845512e-02, -2.96451425e-06,  1.33704453e-01,  9.96657824e-01])]"
