N/A,true_reward,final_reward
N/A,"[0.6666666666666666, 0.6666580183084071, 0.7620342843869397, 0.8449339759449739, 0.8442307787172504, 0.8929570005065033]","[array([-0.18717952,  0.00147136, -0.01733475,  0.00823966,  0.00686693,
       -0.00700629,  0.00690632,  0.77792621,  0.99765255]), array([-0.18717952,  0.00147136, -0.01733475,  0.00823966,  0.00686693,
       -0.00700629,  0.00690632,  0.77792621,  0.99765255]), array([-0.18717952,  0.00147136, -0.01733475,  0.00823966,  0.00686693,
       -0.00700629,  0.00690632,  0.77792621,  0.99765255]), array([-0.18717952,  0.00147136, -0.01733475,  0.00823966,  0.00686693,
       -0.00700629,  0.00690632,  0.77792621,  0.99765255]), array([-0.18717952,  0.00147136, -0.01733475,  0.00823966,  0.00686693,
       -0.00700629,  0.00690632,  0.77792621,  0.99765255]), array([-0.18717952,  0.00147136, -0.01733475,  0.00823966,  0.00686693,
       -0.00700629,  0.00690632,  0.77792621,  0.99765255])]"
