N/A,true_reward,final_reward
N/A,"[0.5882352941176471, 0.5882482547463773, 0.6316631114864001, 0.7546608879524667, 0.9421483957940965, 0.9654214481210741]","[array([-0.82828955,  0.17790122,  0.87739117,  1.66897832]), array([-0.82828955,  0.17790122,  0.87739117,  1.66897832]), array([-0.82828955,  0.17790122,  0.87739117,  1.66897832]), array([-0.82828955,  0.17790122,  0.87739117,  1.66897832]), array([-0.82828955,  0.17790122,  0.87739117,  1.66897832]), array([-0.82828955,  0.17790122,  0.87739117,  1.66897832])]"
