N/A,true_reward,final_reward
N/A,"[0.6666666666666666, 0.6666594080483248, 0.7613340121375807, 0.8436963083603606, 0.8438188851308674, 0.8927334939908074]","[array([-0.18734435,  0.00147136, -0.01800408,  0.00823966,  0.00686693,
       -0.00735581,  0.00725584,  0.77793303,  0.6285079 ]), array([-0.18734435,  0.00147136, -0.01800408,  0.00823966,  0.00686693,
       -0.00735581,  0.00725584,  0.77793303,  0.6285079 ]), array([-0.18734435,  0.00147136, -0.01800408,  0.00823966,  0.00686693,
       -0.00735581,  0.00725584,  0.77793303,  0.6285079 ]), array([-0.18734435,  0.00147136, -0.01800408,  0.00823966,  0.00686693,
       -0.00735581,  0.00725584,  0.77793303,  0.6285079 ]), array([-0.18734435,  0.00147136, -0.01800408,  0.00823966,  0.00686693,
       -0.00735581,  0.00725584,  0.77793303,  0.6285079 ]), array([-0.18734435,  0.00147136, -0.01800408,  0.00823966,  0.00686693,
       -0.00735581,  0.00725584,  0.77793303,  0.6285079 ])]"
