N/A,true_reward,final_reward
N/A,"[0.6666666666666666, 0.6667011241521674, 0.7831383874152636, 0.8843237468332218, 0.8610705661867397, 0.9021900047493809]","[array([-0.264892  ,  0.00358074, -0.02234287,  0.02005227,  0.01671154,
       -0.01385314,  0.01360984,  1.18190925,  0.101107  ]), array([-0.264892  ,  0.00358074, -0.02234287,  0.02005227,  0.01671154,
       -0.01385314,  0.01360984,  1.18190925,  0.101107  ]), array([-0.264892  ,  0.00358074, -0.02234287,  0.02005227,  0.01671154,
       -0.01385314,  0.01360984,  1.18190925,  0.101107  ]), array([-0.264892  ,  0.00358074, -0.02234287,  0.02005227,  0.01671154,
       -0.01385314,  0.01360984,  1.18190925,  0.101107  ]), array([-0.264892  ,  0.00358074, -0.02234287,  0.02005227,  0.01671154,
       -0.01385314,  0.01360984,  1.18190925,  0.101107  ]), array([-0.264892  ,  0.00358074, -0.02234287,  0.02005227,  0.01671154,
       -0.01385314,  0.01360984,  1.18190925,  0.101107  ])]"
