N/A,true_reward,final_reward
N/A,"[1.0, 0.9999859466636396, 0.9775440580282092, 0.878151540254145, 0.7974842166865718, 0.8619663448577354]","[array([-0.16433589,  0.0253522 ,  0.9872544 ,  0.14071375]), array([-0.16433589,  0.0253522 ,  0.9872544 ,  0.14071375]), array([-0.16433589,  0.0253522 ,  0.9872544 ,  0.14071375]), array([-0.16433589,  0.0253522 ,  0.9872544 ,  0.14071375]), array([-0.16433589,  0.0253522 ,  0.9872544 ,  0.14071375]), array([-0.16433589,  0.0253522 ,  0.9872544 ,  0.14071375])]"
