N/A,true_reward,final_reward
N/A,"[0.8, 0.8292050716391858, 0.9278675105482516, 0.9263253853250105, 0.9975942965585315, 0.9990679288541039]","[array([-6.80405757e-01, -4.24527941e-01, -4.32727030e-01,  2.13312040e-01,
        2.20339297e-01, -1.77564643e-04,  3.68738078e-01,  9.82715295e-01]), array([-6.80405757e-01, -4.24527941e-01, -4.32727030e-01,  2.13312040e-01,
        2.20339297e-01, -1.77564643e-04,  3.68738078e-01,  9.82715295e-01]), array([-6.80405757e-01, -4.24527941e-01, -4.32727030e-01,  2.13312040e-01,
        2.20339297e-01, -1.77564643e-04,  3.68738078e-01,  9.82715295e-01]), array([-6.80405757e-01, -4.24527941e-01, -4.32727030e-01,  2.13312040e-01,
        2.20339297e-01, -1.77564643e-04,  3.68738078e-01,  9.82715295e-01]), array([-6.80405757e-01, -4.24527941e-01, -4.32727030e-01,  2.13312040e-01,
        2.20339297e-01, -1.77564643e-04,  3.68738078e-01,  9.82715295e-01]), array([-6.80405757e-01, -4.24527941e-01, -4.32727030e-01,  2.13312040e-01,
        2.20339297e-01, -1.77564643e-04,  3.68738078e-01,  9.82715295e-01])]"
