N/A,true_reward,final_reward
N/A,"[0.5882352941176471, 0.5882482547462617, 0.6316499152223812, 0.7545734327833997, 0.9407885477735713, 0.9642216636714538]","[array([-0.81968712,  0.17606195,  0.87836486,  1.65328394]), array([-0.81968712,  0.17606195,  0.87836486,  1.65328394]), array([-0.81968712,  0.17606195,  0.87836486,  1.65328394]), array([-0.81968712,  0.17606195,  0.87836486,  1.65328394]), array([-0.81968712,  0.17606195,  0.87836486,  1.65328394]), array([-0.81968712,  0.17606195,  0.87836486,  1.65328394])]"
