N/A,true_reward,final_reward
N/A,"[1.0, 0.55027006722802, 0.6601057916861456, 0.7231080953585878, 0.807409489623093, 0.8726726699715357]","[array([-1.70495701e-02,  1.55984534e-07, -1.63622694e-03,  8.73518392e-07,
        7.27989292e-07, -3.19148548e-04,  3.19137949e-04,  4.63463290e-02,
        9.99468146e-01]), array([-1.70495701e-02,  1.55984534e-07, -1.63622694e-03,  8.73518392e-07,
        7.27989292e-07, -3.19148548e-04,  3.19137949e-04,  4.63463290e-02,
        9.99468146e-01]), array([-1.70495701e-02,  1.55984534e-07, -1.63622694e-03,  8.73518392e-07,
        7.27989292e-07, -3.19148548e-04,  3.19137949e-04,  4.63463290e-02,
        9.99468146e-01]), array([-1.70495701e-02,  1.55984534e-07, -1.63622694e-03,  8.73518392e-07,
        7.27989292e-07, -3.19148548e-04,  3.19137949e-04,  4.63463290e-02,
        9.99468146e-01]), array([-1.70495701e-02,  1.55984534e-07, -1.63622694e-03,  8.73518392e-07,
        7.27989292e-07, -3.19148548e-04,  3.19137949e-04,  4.63463290e-02,
        9.99468146e-01]), array([-1.70495701e-02,  1.55984534e-07, -1.63622694e-03,  8.73518392e-07,
        7.27989292e-07, -3.19148548e-04,  3.19137949e-04,  4.63463290e-02,
        9.99468146e-01])]"
