N/A,true_reward,final_reward
N/A,"[1.0, 0.542183864215585, 0.652482129647857, 0.7134411081462124, 0.8047338182949701, 0.8712095478060482]","[array([-1.11023107e-03,  1.46303815e-07, -9.40797858e-05,  8.19306058e-07,
        6.82808791e-07, -1.55394778e-05,  1.55295369e-05,  2.88216507e-03,
        9.99991743e-01]), array([-1.11023107e-03,  1.46303815e-07, -9.40797858e-05,  8.19306058e-07,
        6.82808791e-07, -1.55394778e-05,  1.55295369e-05,  2.88216507e-03,
        9.99991743e-01]), array([-1.11023107e-03,  1.46303815e-07, -9.40797858e-05,  8.19306058e-07,
        6.82808791e-07, -1.55394778e-05,  1.55295369e-05,  2.88216507e-03,
        9.99991743e-01]), array([-1.11023107e-03,  1.46303815e-07, -9.40797858e-05,  8.19306058e-07,
        6.82808791e-07, -1.55394778e-05,  1.55295369e-05,  2.88216507e-03,
        9.99991743e-01]), array([-1.11023107e-03,  1.46303815e-07, -9.40797858e-05,  8.19306058e-07,
        6.82808791e-07, -1.55394778e-05,  1.55295369e-05,  2.88216507e-03,
        9.99991743e-01]), array([-1.11023107e-03,  1.46303815e-07, -9.40797858e-05,  8.19306058e-07,
        6.82808791e-07, -1.55394778e-05,  1.55295369e-05,  2.88216507e-03,
        9.99991743e-01])]"
