N/A,true_reward,final_reward
N/A,"[1.0, 0.985655191818832, 0.8834138860377945, 0.7845102171262335, 0.7571211271279206, 0.8384703593539523]","[array([-0.03218835,  0.00183893,  0.99891022,  0.0136849 ]), array([-0.03218835,  0.00183893,  0.99891022,  0.0136849 ]), array([-0.03218835,  0.00183893,  0.99891022,  0.0136849 ]), array([-0.03218835,  0.00183893,  0.99891022,  0.0136849 ]), array([-0.03218835,  0.00183893,  0.99891022,  0.0136849 ]), array([-0.03218835,  0.00183893,  0.99891022,  0.0136849 ])]"
