N/A,true_reward,final_reward
N/A,"[0.6666666666666666, 0.6667015030913953, 0.7852171190757882, 0.8890617286469458, 0.8636945060348363, 0.9036240700029666]","[array([-0.27677985,  0.00396176, -0.02287619,  0.02218596,  0.01848975,
       -0.01498906,  0.01471987,  1.24479933,  0.00582814]), array([-0.27677985,  0.00396176, -0.02287619,  0.02218596,  0.01848975,
       -0.01498906,  0.01471987,  1.24479933,  0.00582814]), array([-0.27677985,  0.00396176, -0.02287619,  0.02218596,  0.01848975,
       -0.01498906,  0.01471987,  1.24479933,  0.00582814]), array([-0.27677985,  0.00396176, -0.02287619,  0.02218596,  0.01848975,
       -0.01498906,  0.01471987,  1.24479933,  0.00582814]), array([-0.27677985,  0.00396176, -0.02287619,  0.02218596,  0.01848975,
       -0.01498906,  0.01471987,  1.24479933,  0.00582814]), array([-0.27677985,  0.00396176, -0.02287619,  0.02218596,  0.01848975,
       -0.01498906,  0.01471987,  1.24479933,  0.00582814])]"
