N/A,true_reward,final_reward
N/A,"[0.5882352941176471, 0.5882482547458614, 0.6316169956840257, 0.7543776767850745, 0.9376149042189416, 0.9614503107612464]","[array([-0.79993645,  0.17192445,  0.88059001,  1.61719327]), array([-0.79993645,  0.17192445,  0.88059001,  1.61719327]), array([-0.79993645,  0.17192445,  0.88059001,  1.61719327]), array([-0.79993645,  0.17192445,  0.88059001,  1.61719327]), array([-0.79993645,  0.17192445,  0.88059001,  1.61719327]), array([-0.79993645,  0.17192445,  0.88059001,  1.61719327])]"
