N/A,true_reward,final_reward
N/A,"[0.6666666666666666, 0.6667015028730788, 0.7852405307356004, 0.8896684986143206, 0.8647439615664472, 0.9043160476651206]","[array([-0.27677822,  0.00396176, -0.02286667,  0.02218596,  0.01848975,
       -0.0149841 ,  0.01471491,  1.24479921,  0.99589658]), array([-0.27677822,  0.00396176, -0.02286667,  0.02218596,  0.01848975,
       -0.0149841 ,  0.01471491,  1.24479921,  0.99589658]), array([-0.27677822,  0.00396176, -0.02286667,  0.02218596,  0.01848975,
       -0.0149841 ,  0.01471491,  1.24479921,  0.99589658]), array([-0.27677822,  0.00396176, -0.02286667,  0.02218596,  0.01848975,
       -0.0149841 ,  0.01471491,  1.24479921,  0.99589658]), array([-0.27677822,  0.00396176, -0.02286667,  0.02218596,  0.01848975,
       -0.0149841 ,  0.01471491,  1.24479921,  0.99589658]), array([-0.27677822,  0.00396176, -0.02286667,  0.02218596,  0.01848975,
       -0.0149841 ,  0.01471491,  1.24479921,  0.99589658])]"
