N/A,true_reward,final_reward
N/A,"[1.0, 0.9999973264490588, 0.9964709953036527, 0.9908054665067065, 0.999701075674914, 0.9998860830015429]","[array([-2.17744302e-01, -7.97507136e-02, -7.97663647e-02,  3.98544421e-02,
        3.99219465e-02, -1.92563317e-06,  5.80695865e-02,  9.98965387e-01]), array([-2.17744302e-01, -7.97507136e-02, -7.97663647e-02,  3.98544421e-02,
        3.99219465e-02, -1.92563317e-06,  5.80695865e-02,  9.98965387e-01]), array([-2.17744302e-01, -7.97507136e-02, -7.97663647e-02,  3.98544421e-02,
        3.99219465e-02, -1.92563317e-06,  5.80695865e-02,  9.98965387e-01]), array([-2.17744302e-01, -7.97507136e-02, -7.97663647e-02,  3.98544421e-02,
        3.99219465e-02, -1.92563317e-06,  5.80695865e-02,  9.98965387e-01]), array([-2.17744302e-01, -7.97507136e-02, -7.97663647e-02,  3.98544421e-02,
        3.99219465e-02, -1.92563317e-06,  5.80695865e-02,  9.98965387e-01]), array([-2.17744302e-01, -7.97507136e-02, -7.97663647e-02,  3.98544421e-02,
        3.99219465e-02, -1.92563317e-06,  5.80695865e-02,  9.98965387e-01])]"
