N/A,true_reward,final_reward
N/A,"[1.0, 0.5953863316265904, 0.7026069820694381, 0.7709259740735003, 0.8210928759567737, 0.8801954057285819]","[array([-8.58210895e-02,  7.27058018e-05, -9.09677294e-03,  4.07154822e-04,
        3.39322392e-04, -1.96528852e-03,  1.96034839e-03,  2.92471866e-01,
        9.79146251e-01]), array([-8.58210895e-02,  7.27058018e-05, -9.09677294e-03,  4.07154822e-04,
        3.39322392e-04, -1.96528852e-03,  1.96034839e-03,  2.92471866e-01,
        9.79146251e-01]), array([-8.58210895e-02,  7.27058018e-05, -9.09677294e-03,  4.07154822e-04,
        3.39322392e-04, -1.96528852e-03,  1.96034839e-03,  2.92471866e-01,
        9.79146251e-01]), array([-8.58210895e-02,  7.27058018e-05, -9.09677294e-03,  4.07154822e-04,
        3.39322392e-04, -1.96528852e-03,  1.96034839e-03,  2.92471866e-01,
        9.79146251e-01]), array([-8.58210895e-02,  7.27058018e-05, -9.09677294e-03,  4.07154822e-04,
        3.39322392e-04, -1.96528852e-03,  1.96034839e-03,  2.92471866e-01,
        9.79146251e-01]), array([-8.58210895e-02,  7.27058018e-05, -9.09677294e-03,  4.07154822e-04,
        3.39322392e-04, -1.96528852e-03,  1.96034839e-03,  2.92471866e-01,
        9.79146251e-01])]"
