N/A,true_reward,final_reward
N/A,"[1.0, 0.9999950190783792, 0.9946166402473124, 0.9872076729228028, 0.9995791981346902, 0.9998392520044366]","[array([-2.14144654e-01, -7.97034125e-02, -7.97449845e-02,  3.98419098e-02,
        3.99054422e-02, -4.54816963e-07,  5.81650689e-02,  9.91105948e-01]), array([-2.14144654e-01, -7.97034125e-02, -7.97449845e-02,  3.98419098e-02,
        3.99054422e-02, -4.54816963e-07,  5.81650689e-02,  9.91105948e-01]), array([-2.14144654e-01, -7.97034125e-02, -7.97449845e-02,  3.98419098e-02,
        3.99054422e-02, -4.54816963e-07,  5.81650689e-02,  9.91105948e-01]), array([-2.14144654e-01, -7.97034125e-02, -7.97449845e-02,  3.98419098e-02,
        3.99054422e-02, -4.54816963e-07,  5.81650689e-02,  9.91105948e-01]), array([-2.14144654e-01, -7.97034125e-02, -7.97449845e-02,  3.98419098e-02,
        3.99054422e-02, -4.54816963e-07,  5.81650689e-02,  9.91105948e-01]), array([-2.14144654e-01, -7.97034125e-02, -7.97449845e-02,  3.98419098e-02,
        3.99054422e-02, -4.54816963e-07,  5.81650689e-02,  9.91105948e-01])]"
