N/A,true_reward,final_reward
N/A,"[1.0, 0.5438256255937779, 0.6540204440573755, 0.7154175062503112, 0.8052774388050832, 0.8715065053999396]","[array([-4.42888924e-03,  3.33540974e-08, -4.14997503e-04,  1.86784015e-07,
        1.55665598e-07, -8.08419967e-05,  8.08397304e-05,  1.15407586e-02,
        9.99867537e-01]), array([-4.42888924e-03,  3.33540974e-08, -4.14997503e-04,  1.86784015e-07,
        1.55665598e-07, -8.08419967e-05,  8.08397304e-05,  1.15407586e-02,
        9.99867537e-01]), array([-4.42888924e-03,  3.33540974e-08, -4.14997503e-04,  1.86784015e-07,
        1.55665598e-07, -8.08419967e-05,  8.08397304e-05,  1.15407586e-02,
        9.99867537e-01]), array([-4.42888924e-03,  3.33540974e-08, -4.14997503e-04,  1.86784015e-07,
        1.55665598e-07, -8.08419967e-05,  8.08397304e-05,  1.15407586e-02,
        9.99867537e-01]), array([-4.42888924e-03,  3.33540974e-08, -4.14997503e-04,  1.86784015e-07,
        1.55665598e-07, -8.08419967e-05,  8.08397304e-05,  1.15407586e-02,
        9.99867537e-01]), array([-4.42888924e-03,  3.33540974e-08, -4.14997503e-04,  1.86784015e-07,
        1.55665598e-07, -8.08419967e-05,  8.08397304e-05,  1.15407586e-02,
        9.99867537e-01])]"
