N/A,true_reward,final_reward
N/A,"[1.0, 0.8908315252207462, 0.8383326713352883, 0.7548278580809146, 0.7489774048774305, 0.8338612774829508]","[array([-7.28650174e-03,  2.01570589e-04,  9.95478619e-01,  3.46797594e-03]), array([-7.28650174e-03,  2.01570589e-04,  9.95478619e-01,  3.46797594e-03]), array([-7.28650174e-03,  2.01570589e-04,  9.95478619e-01,  3.46797594e-03]), array([-7.28650174e-03,  2.01570589e-04,  9.95478619e-01,  3.46797594e-03]), array([-7.28650174e-03,  2.01570589e-04,  9.95478619e-01,  3.46797594e-03]), array([-7.28650174e-03,  2.01570589e-04,  9.95478619e-01,  3.46797594e-03])]"
