N/A,true_reward,final_reward
N/A,"[0.6666666666666666, 0.6667001649118754, 0.7801156662525844, 0.8777716019962083, 0.8577269455483907, 0.9003616133964647]","[array([-0.24978165,  0.00311633, -0.02162022,  0.01745155,  0.0145441 ,
       -0.0124583 ,  0.01224656,  1.10224059,  0.21723301]), array([-0.24978165,  0.00311633, -0.02162022,  0.01745155,  0.0145441 ,
       -0.0124583 ,  0.01224656,  1.10224059,  0.21723301]), array([-0.24978165,  0.00311633, -0.02162022,  0.01745155,  0.0145441 ,
       -0.0124583 ,  0.01224656,  1.10224059,  0.21723301]), array([-0.24978165,  0.00311633, -0.02162022,  0.01745155,  0.0145441 ,
       -0.0124583 ,  0.01224656,  1.10224059,  0.21723301]), array([-0.24978165,  0.00311633, -0.02162022,  0.01745155,  0.0145441 ,
       -0.0124583 ,  0.01224656,  1.10224059,  0.21723301]), array([-0.24978165,  0.00311633, -0.02162022,  0.01745155,  0.0145441 ,
       -0.0124583 ,  0.01224656,  1.10224059,  0.21723301])]"
