N/A,true_reward,final_reward
N/A,"[0.5882352941176471, 0.5882482547458946, 0.6316082473626432, 0.752951660618076, 0.9215256310401369, 0.9512246177094225]","[array([-0.79938981,  0.17121284, -0.02753643,  1.6213628 ]), array([-0.79938981,  0.17121284, -0.02753643,  1.6213628 ]), array([-0.79938981,  0.17121284, -0.02753643,  1.6213628 ]), array([-0.79938981,  0.17121284, -0.02753643,  1.6213628 ]), array([-0.79938981,  0.17121284, -0.02753643,  1.6213628 ]), array([-0.79938981,  0.17121284, -0.02753643,  1.6213628 ])]"
