N/A,true_reward,final_reward
N/A,"[0.5882352941176471, 0.5882482545013923, 0.6308356173283632, 0.7467725284003919, 0.8879514932771966, 0.9243977469447117]","[array([-0.59049557,  0.13171985,  0.39339163,  1.26995459]), array([-0.59049557,  0.13171985,  0.39339163,  1.26995459]), array([-0.59049557,  0.13171985,  0.39339163,  1.26995459]), array([-0.59049557,  0.13171985,  0.39339163,  1.26995459]), array([-0.59049557,  0.13171985,  0.39339163,  1.26995459]), array([-0.59049557,  0.13171985,  0.39339163,  1.26995459])]"
