N/A,true_reward,final_reward
N/A,"[0.5333333333333333, 0.5333469203054717, 0.5825111604530356, 0.7974537159961333, 0.9907589430287151, 0.99643934050057]","[array([-1.02619622, -0.81470944, -0.94398253,  0.47129506,  0.51820936,
       -0.00874501,  1.19014867,  0.90917394]), array([-1.02619622, -0.81470944, -0.94398253,  0.47129506,  0.51820936,
       -0.00874501,  1.19014867,  0.90917394]), array([-1.02619622, -0.81470944, -0.94398253,  0.47129506,  0.51820936,
       -0.00874501,  1.19014867,  0.90917394]), array([-1.02619622, -0.81470944, -0.94398253,  0.47129506,  0.51820936,
       -0.00874501,  1.19014867,  0.90917394]), array([-1.02619622, -0.81470944, -0.94398253,  0.47129506,  0.51820936,
       -0.00874501,  1.19014867,  0.90917394]), array([-1.02619622, -0.81470944, -0.94398253,  0.47129506,  0.51820936,
       -0.00874501,  1.19014867,  0.90917394])]"
