N/A,true_reward,final_reward
N/A,"[1.0, 0.9999786370393666, 0.9816662117433702, 0.9671591266241907, 0.9989167258228657, 0.999582133259711]","[array([-4.12838550e-01, -1.76811150e-01, -1.77344552e-01,  8.84372648e-02,
        8.89139622e-02, -1.28237733e-06,  1.34256434e-01,  9.73430504e-01]), array([-4.12838550e-01, -1.76811150e-01, -1.77344552e-01,  8.84372648e-02,
        8.89139622e-02, -1.28237733e-06,  1.34256434e-01,  9.73430504e-01]), array([-4.12838550e-01, -1.76811150e-01, -1.77344552e-01,  8.84372648e-02,
        8.89139622e-02, -1.28237733e-06,  1.34256434e-01,  9.73430504e-01]), array([-4.12838550e-01, -1.76811150e-01, -1.77344552e-01,  8.84372648e-02,
        8.89139622e-02, -1.28237733e-06,  1.34256434e-01,  9.73430504e-01]), array([-4.12838550e-01, -1.76811150e-01, -1.77344552e-01,  8.84372648e-02,
        8.89139622e-02, -1.28237733e-06,  1.34256434e-01,  9.73430504e-01]), array([-4.12838550e-01, -1.76811150e-01, -1.77344552e-01,  8.84372648e-02,
        8.89139622e-02, -1.28237733e-06,  1.34256434e-01,  9.73430504e-01])]"
