N/A,true_reward,final_reward
N/A,"[1.0, 0.9999997641149623, 0.999765611871263, 0.9992170829835789, 0.9999674631659746, 0.9999872878098446]","[array([-1.40152307e-02, -4.99602078e-03, -4.99647021e-03,  2.49767318e-03,
        2.49884910e-03, -1.00023450e-08,  3.55078079e-03,  9.99506934e-01]), array([-1.40152307e-02, -4.99602078e-03, -4.99647021e-03,  2.49767318e-03,
        2.49884910e-03, -1.00023450e-08,  3.55078079e-03,  9.99506934e-01]), array([-1.40152307e-02, -4.99602078e-03, -4.99647021e-03,  2.49767318e-03,
        2.49884910e-03, -1.00023450e-08,  3.55078079e-03,  9.99506934e-01]), array([-1.40152307e-02, -4.99602078e-03, -4.99647021e-03,  2.49767318e-03,
        2.49884910e-03, -1.00023450e-08,  3.55078079e-03,  9.99506934e-01]), array([-1.40152307e-02, -4.99602078e-03, -4.99647021e-03,  2.49767318e-03,
        2.49884910e-03, -1.00023450e-08,  3.55078079e-03,  9.99506934e-01]), array([-1.40152307e-02, -4.99602078e-03, -4.99647021e-03,  2.49767318e-03,
        2.49884910e-03, -1.00023450e-08,  3.55078079e-03,  9.99506934e-01])]"
