N/A,true_reward,final_reward
N/A,"[1.0, 0.9946819686711897, 0.7875872947726593, 0.7749457867476071, 0.8151612213291919, 0.874206348867264]","[array([-0.258791  ,  0.05917809,  0.70503501,  0.44623644]), array([-0.258791  ,  0.05917809,  0.70503501,  0.44623644]), array([-0.258791  ,  0.05917809,  0.70503501,  0.44623644]), array([-0.258791  ,  0.05917809,  0.70503501,  0.44623644]), array([-0.258791  ,  0.05917809,  0.70503501,  0.44623644]), array([-0.258791  ,  0.05917809,  0.70503501,  0.44623644])]"
